"Folder","OldName","NewName","OldPath","NewPath"
"Coriander\Bacterial Blight","img_001.jpg","coriander_bacterial_blight_0001.jpg","D:\farm-app\dataset\Coriander\Bacterial Blight\img_001.jpg","D:\farm-app\dataset\Coriander\Bacterial Blight\coriander_bacterial_blight_0001.jpg"
"Coriander\Bacterial Blight","img_002.jpg","coriander_bacterial_blight_0002.jpg","D:\farm-app\dataset\Coriander\Bacterial Blight\img_002.jpg","D:\farm-app\dataset\Coriander\Bacterial Blight\coriander_bacterial_blight_0002.jpg"
"Coriander\Bacterial Blight","img_003.jpg","coriander_bacterial_blight_0003.jpg","D:\farm-app\dataset\Coriander\Bacterial Blight\img_003.jpg","D:\farm-app\dataset\Coriander\Bacterial Blight\coriander_bacterial_blight_0003.jpg"
"Coriander\Bacterial Blight","img_004.jpg","coriander_bacterial_blight_0004.jpg","D:\farm-app\dataset\Coriander\Bacterial Blight\img_004.jpg","D:\farm-app\dataset\Coriander\Bacterial Blight\coriander_bacterial_blight_0004.jpg"
"Coriander\Bacterial Blight","img_005.jpg","coriander_bacterial_blight_0005.jpg","D:\farm-app\dataset\Coriander\Bacterial Blight\img_005.jpg","D:\farm-app\dataset\Coriander\Bacterial Blight\coriander_bacterial_blight_0005.jpg"
"Coriander\Bacterial Blight","img_006.jpg","coriander_bacterial_blight_0006.jpg","D:\farm-app\dataset\Coriander\Bacterial Blight\img_006.jpg","D:\farm-app\dataset\Coriander\Bacterial Blight\coriander_bacterial_blight_0006.jpg"
"Coriander\Bacterial Blight","img_007.jpg","coriander_bacterial_blight_0007.jpg","D:\farm-app\dataset\Coriander\Bacterial Blight\img_007.jpg","D:\farm-app\dataset\Coriander\Bacterial Blight\coriander_bacterial_blight_0007.jpg"
"Coriander\Bacterial Blight","img_008.jpg","coriander_bacterial_blight_0008.jpg","D:\farm-app\dataset\Coriander\Bacterial Blight\img_008.jpg","D:\farm-app\dataset\Coriander\Bacterial Blight\coriander_bacterial_blight_0008.jpg"
"Coriander\Bacterial Blight","img_009.jpg","coriander_bacterial_blight_0009.jpg","D:\farm-app\dataset\Coriander\Bacterial Blight\img_009.jpg","D:\farm-app\dataset\Coriander\Bacterial Blight\coriander_bacterial_blight_0009.jpg"
"Coriander\Bacterial Blight","img_010.jpg","coriander_bacterial_blight_0010.jpg","D:\farm-app\dataset\Coriander\Bacterial Blight\img_010.jpg","D:\farm-app\dataset\Coriander\Bacterial Blight\coriander_bacterial_blight_0010.jpg"
"Coriander\Bacterial Blight","img_011.jpg","coriander_bacterial_blight_0011.jpg","D:\farm-app\dataset\Coriander\Bacterial Blight\img_011.jpg","D:\farm-app\dataset\Coriander\Bacterial Blight\coriander_bacterial_blight_0011.jpg"
"Coriander\Bacterial Blight","img_012.jpg","coriander_bacterial_blight_0012.jpg","D:\farm-app\dataset\Coriander\Bacterial Blight\img_012.jpg","D:\farm-app\dataset\Coriander\Bacterial Blight\coriander_bacterial_blight_0012.jpg"
"Coriander\Bacterial Blight","img_013.jpg","coriander_bacterial_blight_0013.jpg","D:\farm-app\dataset\Coriander\Bacterial Blight\img_013.jpg","D:\farm-app\dataset\Coriander\Bacterial Blight\coriander_bacterial_blight_0013.jpg"
"Coriander\Bacterial Blight","img_014.jpg","coriander_bacterial_blight_0014.jpg","D:\farm-app\dataset\Coriander\Bacterial Blight\img_014.jpg","D:\farm-app\dataset\Coriander\Bacterial Blight\coriander_bacterial_blight_0014.jpg"
"Coriander\Bacterial Blight","img_015.jpg","coriander_bacterial_blight_0015.jpg","D:\farm-app\dataset\Coriander\Bacterial Blight\img_015.jpg","D:\farm-app\dataset\Coriander\Bacterial Blight\coriander_bacterial_blight_0015.jpg"
"Coriander\Bacterial Blight","img_016.jpg","coriander_bacterial_blight_0016.jpg","D:\farm-app\dataset\Coriander\Bacterial Blight\img_016.jpg","D:\farm-app\dataset\Coriander\Bacterial Blight\coriander_bacterial_blight_0016.jpg"
"Coriander\Bacterial Blight","img_017.jpg","coriander_bacterial_blight_0017.jpg","D:\farm-app\dataset\Coriander\Bacterial Blight\img_017.jpg","D:\farm-app\dataset\Coriander\Bacterial Blight\coriander_bacterial_blight_0017.jpg"
"Coriander\Bacterial Blight","img_018.jpg","coriander_bacterial_blight_0018.jpg","D:\farm-app\dataset\Coriander\Bacterial Blight\img_018.jpg","D:\farm-app\dataset\Coriander\Bacterial Blight\coriander_bacterial_blight_0018.jpg"
"Coriander\Bacterial Blight","img_019.jpg","coriander_bacterial_blight_0019.jpg","D:\farm-app\dataset\Coriander\Bacterial Blight\img_019.jpg","D:\farm-app\dataset\Coriander\Bacterial Blight\coriander_bacterial_blight_0019.jpg"
"Coriander\Bacterial Blight","img_020.jpg","coriander_bacterial_blight_0020.jpg","D:\farm-app\dataset\Coriander\Bacterial Blight\img_020.jpg","D:\farm-app\dataset\Coriander\Bacterial Blight\coriander_bacterial_blight_0020.jpg"
"Coriander\Bacterial Blight","img_021.jpg","coriander_bacterial_blight_0021.jpg","D:\farm-app\dataset\Coriander\Bacterial Blight\img_021.jpg","D:\farm-app\dataset\Coriander\Bacterial Blight\coriander_bacterial_blight_0021.jpg"
"Coriander\Bacterial Blight","img_022.jpg","coriander_bacterial_blight_0022.jpg","D:\farm-app\dataset\Coriander\Bacterial Blight\img_022.jpg","D:\farm-app\dataset\Coriander\Bacterial Blight\coriander_bacterial_blight_0022.jpg"
"Coriander\Bacterial Blight","img_023.jpg","coriander_bacterial_blight_0023.jpg","D:\farm-app\dataset\Coriander\Bacterial Blight\img_023.jpg","D:\farm-app\dataset\Coriander\Bacterial Blight\coriander_bacterial_blight_0023.jpg"
"Coriander\Bacterial Blight","img_024.jpg","coriander_bacterial_blight_0024.jpg","D:\farm-app\dataset\Coriander\Bacterial Blight\img_024.jpg","D:\farm-app\dataset\Coriander\Bacterial Blight\coriander_bacterial_blight_0024.jpg"
"Coriander\Bacterial Blight","img_025.jpg","coriander_bacterial_blight_0025.jpg","D:\farm-app\dataset\Coriander\Bacterial Blight\img_025.jpg","D:\farm-app\dataset\Coriander\Bacterial Blight\coriander_bacterial_blight_0025.jpg"
"Coriander\Bacterial Blight","img_026.jpg","coriander_bacterial_blight_0026.jpg","D:\farm-app\dataset\Coriander\Bacterial Blight\img_026.jpg","D:\farm-app\dataset\Coriander\Bacterial Blight\coriander_bacterial_blight_0026.jpg"
"Coriander\Bacterial Blight","img_027.jpg","coriander_bacterial_blight_0027.jpg","D:\farm-app\dataset\Coriander\Bacterial Blight\img_027.jpg","D:\farm-app\dataset\Coriander\Bacterial Blight\coriander_bacterial_blight_0027.jpg"
"Coriander\Bacterial Blight","img_028.jpg","coriander_bacterial_blight_0028.jpg","D:\farm-app\dataset\Coriander\Bacterial Blight\img_028.jpg","D:\farm-app\dataset\Coriander\Bacterial Blight\coriander_bacterial_blight_0028.jpg"
"Coriander\Bacterial Blight","img_029.jpg","coriander_bacterial_blight_0029.jpg","D:\farm-app\dataset\Coriander\Bacterial Blight\img_029.jpg","D:\farm-app\dataset\Coriander\Bacterial Blight\coriander_bacterial_blight_0029.jpg"
"Coriander\Bacterial Blight","img_030.jpg","coriander_bacterial_blight_0030.jpg","D:\farm-app\dataset\Coriander\Bacterial Blight\img_030.jpg","D:\farm-app\dataset\Coriander\Bacterial Blight\coriander_bacterial_blight_0030.jpg"
"Coriander\Bacterial Blight","img_031.jpg","coriander_bacterial_blight_0031.jpg","D:\farm-app\dataset\Coriander\Bacterial Blight\img_031.jpg","D:\farm-app\dataset\Coriander\Bacterial Blight\coriander_bacterial_blight_0031.jpg"
"Coriander\Bacterial Blight","img_032.jpg","coriander_bacterial_blight_0032.jpg","D:\farm-app\dataset\Coriander\Bacterial Blight\img_032.jpg","D:\farm-app\dataset\Coriander\Bacterial Blight\coriander_bacterial_blight_0032.jpg"
"Coriander\Bacterial Blight","img_033.jpg","coriander_bacterial_blight_0033.jpg","D:\farm-app\dataset\Coriander\Bacterial Blight\img_033.jpg","D:\farm-app\dataset\Coriander\Bacterial Blight\coriander_bacterial_blight_0033.jpg"
"Coriander\Bacterial Blight","img_034.jpg","coriander_bacterial_blight_0034.jpg","D:\farm-app\dataset\Coriander\Bacterial Blight\img_034.jpg","D:\farm-app\dataset\Coriander\Bacterial Blight\coriander_bacterial_blight_0034.jpg"
"Coriander\Bacterial Blight","img_035.jpg","coriander_bacterial_blight_0035.jpg","D:\farm-app\dataset\Coriander\Bacterial Blight\img_035.jpg","D:\farm-app\dataset\Coriander\Bacterial Blight\coriander_bacterial_blight_0035.jpg"
"Coriander\Bacterial Blight","img_036.jpg","coriander_bacterial_blight_0036.jpg","D:\farm-app\dataset\Coriander\Bacterial Blight\img_036.jpg","D:\farm-app\dataset\Coriander\Bacterial Blight\coriander_bacterial_blight_0036.jpg"
"Coriander\Bacterial Blight","img_037.jpg","coriander_bacterial_blight_0037.jpg","D:\farm-app\dataset\Coriander\Bacterial Blight\img_037.jpg","D:\farm-app\dataset\Coriander\Bacterial Blight\coriander_bacterial_blight_0037.jpg"
"Coriander\Bacterial Blight","img_038.jpg","coriander_bacterial_blight_0038.jpg","D:\farm-app\dataset\Coriander\Bacterial Blight\img_038.jpg","D:\farm-app\dataset\Coriander\Bacterial Blight\coriander_bacterial_blight_0038.jpg"
"Coriander\Bacterial Blight","img_039.jpg","coriander_bacterial_blight_0039.jpg","D:\farm-app\dataset\Coriander\Bacterial Blight\img_039.jpg","D:\farm-app\dataset\Coriander\Bacterial Blight\coriander_bacterial_blight_0039.jpg"
"Coriander\Bacterial Blight","img_040.jpg","coriander_bacterial_blight_0040.jpg","D:\farm-app\dataset\Coriander\Bacterial Blight\img_040.jpg","D:\farm-app\dataset\Coriander\Bacterial Blight\coriander_bacterial_blight_0040.jpg"
"Coriander\Bacterial Blight","img_041.jpg","coriander_bacterial_blight_0041.jpg","D:\farm-app\dataset\Coriander\Bacterial Blight\img_041.jpg","D:\farm-app\dataset\Coriander\Bacterial Blight\coriander_bacterial_blight_0041.jpg"
"Coriander\Bacterial Blight","img_042.jpg","coriander_bacterial_blight_0042.jpg","D:\farm-app\dataset\Coriander\Bacterial Blight\img_042.jpg","D:\farm-app\dataset\Coriander\Bacterial Blight\coriander_bacterial_blight_0042.jpg"
"Coriander\Bacterial Blight","img_043.jpg","coriander_bacterial_blight_0043.jpg","D:\farm-app\dataset\Coriander\Bacterial Blight\img_043.jpg","D:\farm-app\dataset\Coriander\Bacterial Blight\coriander_bacterial_blight_0043.jpg"
"Coriander\Bacterial Blight","img_044.jpg","coriander_bacterial_blight_0044.jpg","D:\farm-app\dataset\Coriander\Bacterial Blight\img_044.jpg","D:\farm-app\dataset\Coriander\Bacterial Blight\coriander_bacterial_blight_0044.jpg"
"Coriander\Bacterial Blight","img_045.jpg","coriander_bacterial_blight_0045.jpg","D:\farm-app\dataset\Coriander\Bacterial Blight\img_045.jpg","D:\farm-app\dataset\Coriander\Bacterial Blight\coriander_bacterial_blight_0045.jpg"
"Coriander\Bacterial Blight","img_046.jpg","coriander_bacterial_blight_0046.jpg","D:\farm-app\dataset\Coriander\Bacterial Blight\img_046.jpg","D:\farm-app\dataset\Coriander\Bacterial Blight\coriander_bacterial_blight_0046.jpg"
"Coriander\Bacterial Blight","img_047.jpg","coriander_bacterial_blight_0047.jpg","D:\farm-app\dataset\Coriander\Bacterial Blight\img_047.jpg","D:\farm-app\dataset\Coriander\Bacterial Blight\coriander_bacterial_blight_0047.jpg"
"Coriander\Bacterial Blight","img_048.jpg","coriander_bacterial_blight_0048.jpg","D:\farm-app\dataset\Coriander\Bacterial Blight\img_048.jpg","D:\farm-app\dataset\Coriander\Bacterial Blight\coriander_bacterial_blight_0048.jpg"
"Coriander\Bacterial Blight","img_049.jpg","coriander_bacterial_blight_0049.jpg","D:\farm-app\dataset\Coriander\Bacterial Blight\img_049.jpg","D:\farm-app\dataset\Coriander\Bacterial Blight\coriander_bacterial_blight_0049.jpg"
"Coriander\Bacterial Blight","img_050.jpg","coriander_bacterial_blight_0050.jpg","D:\farm-app\dataset\Coriander\Bacterial Blight\img_050.jpg","D:\farm-app\dataset\Coriander\Bacterial Blight\coriander_bacterial_blight_0050.jpg"
"Coriander\Bacterial Blight","img_051.jpg","coriander_bacterial_blight_0051.jpg","D:\farm-app\dataset\Coriander\Bacterial Blight\img_051.jpg","D:\farm-app\dataset\Coriander\Bacterial Blight\coriander_bacterial_blight_0051.jpg"
"Coriander\Bacterial Blight","img_052.jpg","coriander_bacterial_blight_0052.jpg","D:\farm-app\dataset\Coriander\Bacterial Blight\img_052.jpg","D:\farm-app\dataset\Coriander\Bacterial Blight\coriander_bacterial_blight_0052.jpg"
"Coriander\Bacterial Blight","img_053.jpg","coriander_bacterial_blight_0053.jpg","D:\farm-app\dataset\Coriander\Bacterial Blight\img_053.jpg","D:\farm-app\dataset\Coriander\Bacterial Blight\coriander_bacterial_blight_0053.jpg"
"Coriander\Bacterial Blight","img_054.jpg","coriander_bacterial_blight_0054.jpg","D:\farm-app\dataset\Coriander\Bacterial Blight\img_054.jpg","D:\farm-app\dataset\Coriander\Bacterial Blight\coriander_bacterial_blight_0054.jpg"
"Coriander\Bacterial Blight","img_055.jpg","coriander_bacterial_blight_0055.jpg","D:\farm-app\dataset\Coriander\Bacterial Blight\img_055.jpg","D:\farm-app\dataset\Coriander\Bacterial Blight\coriander_bacterial_blight_0055.jpg"
"Coriander\Bacterial Blight","img_056.jpg","coriander_bacterial_blight_0056.jpg","D:\farm-app\dataset\Coriander\Bacterial Blight\img_056.jpg","D:\farm-app\dataset\Coriander\Bacterial Blight\coriander_bacterial_blight_0056.jpg"
"Coriander\Bacterial Blight","img_057.jpg","coriander_bacterial_blight_0057.jpg","D:\farm-app\dataset\Coriander\Bacterial Blight\img_057.jpg","D:\farm-app\dataset\Coriander\Bacterial Blight\coriander_bacterial_blight_0057.jpg"
"Coriander\Bacterial Blight","img_058.jpg","coriander_bacterial_blight_0058.jpg","D:\farm-app\dataset\Coriander\Bacterial Blight\img_058.jpg","D:\farm-app\dataset\Coriander\Bacterial Blight\coriander_bacterial_blight_0058.jpg"
"Coriander\Bacterial Blight","img_059.jpg","coriander_bacterial_blight_0059.jpg","D:\farm-app\dataset\Coriander\Bacterial Blight\img_059.jpg","D:\farm-app\dataset\Coriander\Bacterial Blight\coriander_bacterial_blight_0059.jpg"
"Coriander\Bacterial Blight","img_060.jpg","coriander_bacterial_blight_0060.jpg","D:\farm-app\dataset\Coriander\Bacterial Blight\img_060.jpg","D:\farm-app\dataset\Coriander\Bacterial Blight\coriander_bacterial_blight_0060.jpg"
"Coriander\Bacterial Blight","img_061.jpg","coriander_bacterial_blight_0061.jpg","D:\farm-app\dataset\Coriander\Bacterial Blight\img_061.jpg","D:\farm-app\dataset\Coriander\Bacterial Blight\coriander_bacterial_blight_0061.jpg"
"Coriander\Bacterial Blight","img_062.jpg","coriander_bacterial_blight_0062.jpg","D:\farm-app\dataset\Coriander\Bacterial Blight\img_062.jpg","D:\farm-app\dataset\Coriander\Bacterial Blight\coriander_bacterial_blight_0062.jpg"
"Coriander\Bacterial Blight","img_063.jpg","coriander_bacterial_blight_0063.jpg","D:\farm-app\dataset\Coriander\Bacterial Blight\img_063.jpg","D:\farm-app\dataset\Coriander\Bacterial Blight\coriander_bacterial_blight_0063.jpg"
"Coriander\Bacterial Blight","img_064.jpg","coriander_bacterial_blight_0064.jpg","D:\farm-app\dataset\Coriander\Bacterial Blight\img_064.jpg","D:\farm-app\dataset\Coriander\Bacterial Blight\coriander_bacterial_blight_0064.jpg"
"Coriander\Bacterial Blight","img_065.jpg","coriander_bacterial_blight_0065.jpg","D:\farm-app\dataset\Coriander\Bacterial Blight\img_065.jpg","D:\farm-app\dataset\Coriander\Bacterial Blight\coriander_bacterial_blight_0065.jpg"
"Coriander\Bacterial Blight","img_066.jpg","coriander_bacterial_blight_0066.jpg","D:\farm-app\dataset\Coriander\Bacterial Blight\img_066.jpg","D:\farm-app\dataset\Coriander\Bacterial Blight\coriander_bacterial_blight_0066.jpg"
"Coriander\Bacterial Blight","img_067.jpg","coriander_bacterial_blight_0067.jpg","D:\farm-app\dataset\Coriander\Bacterial Blight\img_067.jpg","D:\farm-app\dataset\Coriander\Bacterial Blight\coriander_bacterial_blight_0067.jpg"
"Coriander\Bacterial Blight","img_068.jpg","coriander_bacterial_blight_0068.jpg","D:\farm-app\dataset\Coriander\Bacterial Blight\img_068.jpg","D:\farm-app\dataset\Coriander\Bacterial Blight\coriander_bacterial_blight_0068.jpg"
"Coriander\Bacterial Blight","img_069.jpg","coriander_bacterial_blight_0069.jpg","D:\farm-app\dataset\Coriander\Bacterial Blight\img_069.jpg","D:\farm-app\dataset\Coriander\Bacterial Blight\coriander_bacterial_blight_0069.jpg"
"Coriander\Bacterial Blight","img_070.jpg","coriander_bacterial_blight_0070.jpg","D:\farm-app\dataset\Coriander\Bacterial Blight\img_070.jpg","D:\farm-app\dataset\Coriander\Bacterial Blight\coriander_bacterial_blight_0070.jpg"
"Coriander\Bacterial Blight","img_071.jpg","coriander_bacterial_blight_0071.jpg","D:\farm-app\dataset\Coriander\Bacterial Blight\img_071.jpg","D:\farm-app\dataset\Coriander\Bacterial Blight\coriander_bacterial_blight_0071.jpg"
"Coriander\Bacterial Blight","img_072.jpg","coriander_bacterial_blight_0072.jpg","D:\farm-app\dataset\Coriander\Bacterial Blight\img_072.jpg","D:\farm-app\dataset\Coriander\Bacterial Blight\coriander_bacterial_blight_0072.jpg"
"Coriander\Bacterial Blight","img_073.jpg","coriander_bacterial_blight_0073.jpg","D:\farm-app\dataset\Coriander\Bacterial Blight\img_073.jpg","D:\farm-app\dataset\Coriander\Bacterial Blight\coriander_bacterial_blight_0073.jpg"
"Coriander\Bacterial Blight","img_074.jpg","coriander_bacterial_blight_0074.jpg","D:\farm-app\dataset\Coriander\Bacterial Blight\img_074.jpg","D:\farm-app\dataset\Coriander\Bacterial Blight\coriander_bacterial_blight_0074.jpg"
"Coriander\Bacterial Blight","img_075.jpg","coriander_bacterial_blight_0075.jpg","D:\farm-app\dataset\Coriander\Bacterial Blight\img_075.jpg","D:\farm-app\dataset\Coriander\Bacterial Blight\coriander_bacterial_blight_0075.jpg"
"Coriander\Bacterial Blight","img_076.jpg","coriander_bacterial_blight_0076.jpg","D:\farm-app\dataset\Coriander\Bacterial Blight\img_076.jpg","D:\farm-app\dataset\Coriander\Bacterial Blight\coriander_bacterial_blight_0076.jpg"
"Coriander\Bacterial Blight","img_077.jpg","coriander_bacterial_blight_0077.jpg","D:\farm-app\dataset\Coriander\Bacterial Blight\img_077.jpg","D:\farm-app\dataset\Coriander\Bacterial Blight\coriander_bacterial_blight_0077.jpg"
"Coriander\Bacterial Blight","img_078.jpg","coriander_bacterial_blight_0078.jpg","D:\farm-app\dataset\Coriander\Bacterial Blight\img_078.jpg","D:\farm-app\dataset\Coriander\Bacterial Blight\coriander_bacterial_blight_0078.jpg"
"Coriander\Bacterial Blight","img_079.jpg","coriander_bacterial_blight_0079.jpg","D:\farm-app\dataset\Coriander\Bacterial Blight\img_079.jpg","D:\farm-app\dataset\Coriander\Bacterial Blight\coriander_bacterial_blight_0079.jpg"
"Coriander\Bacterial Blight","img_080.jpg","coriander_bacterial_blight_0080.jpg","D:\farm-app\dataset\Coriander\Bacterial Blight\img_080.jpg","D:\farm-app\dataset\Coriander\Bacterial Blight\coriander_bacterial_blight_0080.jpg"
"Coriander\Bacterial Blight","img_081.jpg","coriander_bacterial_blight_0081.jpg","D:\farm-app\dataset\Coriander\Bacterial Blight\img_081.jpg","D:\farm-app\dataset\Coriander\Bacterial Blight\coriander_bacterial_blight_0081.jpg"
"Coriander\Bacterial Blight","img_082.jpg","coriander_bacterial_blight_0082.jpg","D:\farm-app\dataset\Coriander\Bacterial Blight\img_082.jpg","D:\farm-app\dataset\Coriander\Bacterial Blight\coriander_bacterial_blight_0082.jpg"
"Coriander\Bacterial Blight","img_083.jpg","coriander_bacterial_blight_0083.jpg","D:\farm-app\dataset\Coriander\Bacterial Blight\img_083.jpg","D:\farm-app\dataset\Coriander\Bacterial Blight\coriander_bacterial_blight_0083.jpg"
"Coriander\Bacterial Blight","img_084.jpg","coriander_bacterial_blight_0084.jpg","D:\farm-app\dataset\Coriander\Bacterial Blight\img_084.jpg","D:\farm-app\dataset\Coriander\Bacterial Blight\coriander_bacterial_blight_0084.jpg"
"Coriander\Bacterial Blight","img_085.jpg","coriander_bacterial_blight_0085.jpg","D:\farm-app\dataset\Coriander\Bacterial Blight\img_085.jpg","D:\farm-app\dataset\Coriander\Bacterial Blight\coriander_bacterial_blight_0085.jpg"
"Coriander\Bacterial Blight","img_086.jpg","coriander_bacterial_blight_0086.jpg","D:\farm-app\dataset\Coriander\Bacterial Blight\img_086.jpg","D:\farm-app\dataset\Coriander\Bacterial Blight\coriander_bacterial_blight_0086.jpg"
"Coriander\Bacterial Blight","img_087.jpg","coriander_bacterial_blight_0087.jpg","D:\farm-app\dataset\Coriander\Bacterial Blight\img_087.jpg","D:\farm-app\dataset\Coriander\Bacterial Blight\coriander_bacterial_blight_0087.jpg"
"Coriander\Bacterial Blight","img_088.jpg","coriander_bacterial_blight_0088.jpg","D:\farm-app\dataset\Coriander\Bacterial Blight\img_088.jpg","D:\farm-app\dataset\Coriander\Bacterial Blight\coriander_bacterial_blight_0088.jpg"
"Coriander\Bacterial Blight","img_089.jpg","coriander_bacterial_blight_0089.jpg","D:\farm-app\dataset\Coriander\Bacterial Blight\img_089.jpg","D:\farm-app\dataset\Coriander\Bacterial Blight\coriander_bacterial_blight_0089.jpg"
"Coriander\Bacterial Blight","img_090.jpg","coriander_bacterial_blight_0090.jpg","D:\farm-app\dataset\Coriander\Bacterial Blight\img_090.jpg","D:\farm-app\dataset\Coriander\Bacterial Blight\coriander_bacterial_blight_0090.jpg"
"Coriander\Bacterial Blight","img_091.jpg","coriander_bacterial_blight_0091.jpg","D:\farm-app\dataset\Coriander\Bacterial Blight\img_091.jpg","D:\farm-app\dataset\Coriander\Bacterial Blight\coriander_bacterial_blight_0091.jpg"
"Coriander\Bacterial Blight","img_092.jpg","coriander_bacterial_blight_0092.jpg","D:\farm-app\dataset\Coriander\Bacterial Blight\img_092.jpg","D:\farm-app\dataset\Coriander\Bacterial Blight\coriander_bacterial_blight_0092.jpg"
"Coriander\Bacterial Blight","img_093.jpg","coriander_bacterial_blight_0093.jpg","D:\farm-app\dataset\Coriander\Bacterial Blight\img_093.jpg","D:\farm-app\dataset\Coriander\Bacterial Blight\coriander_bacterial_blight_0093.jpg"
"Coriander\Bacterial Blight","img_094.jpg","coriander_bacterial_blight_0094.jpg","D:\farm-app\dataset\Coriander\Bacterial Blight\img_094.jpg","D:\farm-app\dataset\Coriander\Bacterial Blight\coriander_bacterial_blight_0094.jpg"
"Coriander\Bacterial Blight","img_095.jpg","coriander_bacterial_blight_0095.jpg","D:\farm-app\dataset\Coriander\Bacterial Blight\img_095.jpg","D:\farm-app\dataset\Coriander\Bacterial Blight\coriander_bacterial_blight_0095.jpg"
"Coriander\Bacterial Blight","img_096.jpg","coriander_bacterial_blight_0096.jpg","D:\farm-app\dataset\Coriander\Bacterial Blight\img_096.jpg","D:\farm-app\dataset\Coriander\Bacterial Blight\coriander_bacterial_blight_0096.jpg"
"Coriander\Bacterial Blight","img_097.jpg","coriander_bacterial_blight_0097.jpg","D:\farm-app\dataset\Coriander\Bacterial Blight\img_097.jpg","D:\farm-app\dataset\Coriander\Bacterial Blight\coriander_bacterial_blight_0097.jpg"
"Coriander\Bacterial Blight","img_098.jpg","coriander_bacterial_blight_0098.jpg","D:\farm-app\dataset\Coriander\Bacterial Blight\img_098.jpg","D:\farm-app\dataset\Coriander\Bacterial Blight\coriander_bacterial_blight_0098.jpg"
"Coriander\Bacterial Blight","img_099.jpg","coriander_bacterial_blight_0099.jpg","D:\farm-app\dataset\Coriander\Bacterial Blight\img_099.jpg","D:\farm-app\dataset\Coriander\Bacterial Blight\coriander_bacterial_blight_0099.jpg"
"Coriander\Bacterial Blight","img_100.jpg","coriander_bacterial_blight_0100.jpg","D:\farm-app\dataset\Coriander\Bacterial Blight\img_100.jpg","D:\farm-app\dataset\Coriander\Bacterial Blight\coriander_bacterial_blight_0100.jpg"
"Coriander\Coriander Healthy","ig_001.jpg","coriander_healthy_0001.jpg","D:\farm-app\dataset\Coriander\Coriander Healthy\ig_001.jpg","D:\farm-app\dataset\Coriander\Coriander Healthy\coriander_healthy_0001.jpg"
"Coriander\Coriander Healthy","ig_002.jpg","coriander_healthy_0002.jpg","D:\farm-app\dataset\Coriander\Coriander Healthy\ig_002.jpg","D:\farm-app\dataset\Coriander\Coriander Healthy\coriander_healthy_0002.jpg"
"Coriander\Coriander Healthy","ig_003.jpg","coriander_healthy_0003.jpg","D:\farm-app\dataset\Coriander\Coriander Healthy\ig_003.jpg","D:\farm-app\dataset\Coriander\Coriander Healthy\coriander_healthy_0003.jpg"
"Coriander\Coriander Healthy","ig_004.jpg","coriander_healthy_0004.jpg","D:\farm-app\dataset\Coriander\Coriander Healthy\ig_004.jpg","D:\farm-app\dataset\Coriander\Coriander Healthy\coriander_healthy_0004.jpg"
"Coriander\Coriander Healthy","ig_005.jpg","coriander_healthy_0005.jpg","D:\farm-app\dataset\Coriander\Coriander Healthy\ig_005.jpg","D:\farm-app\dataset\Coriander\Coriander Healthy\coriander_healthy_0005.jpg"
"Coriander\Coriander Healthy","ig_006.jpg","coriander_healthy_0006.jpg","D:\farm-app\dataset\Coriander\Coriander Healthy\ig_006.jpg","D:\farm-app\dataset\Coriander\Coriander Healthy\coriander_healthy_0006.jpg"
"Coriander\Coriander Healthy","ig_007.jpg","coriander_healthy_0007.jpg","D:\farm-app\dataset\Coriander\Coriander Healthy\ig_007.jpg","D:\farm-app\dataset\Coriander\Coriander Healthy\coriander_healthy_0007.jpg"
"Coriander\Coriander Healthy","ig_008.jpg","coriander_healthy_0008.jpg","D:\farm-app\dataset\Coriander\Coriander Healthy\ig_008.jpg","D:\farm-app\dataset\Coriander\Coriander Healthy\coriander_healthy_0008.jpg"
"Coriander\Coriander Healthy","ig_009.jpg","coriander_healthy_0009.jpg","D:\farm-app\dataset\Coriander\Coriander Healthy\ig_009.jpg","D:\farm-app\dataset\Coriander\Coriander Healthy\coriander_healthy_0009.jpg"
"Coriander\Coriander Healthy","ig_010.jpg","coriander_healthy_0010.jpg","D:\farm-app\dataset\Coriander\Coriander Healthy\ig_010.jpg","D:\farm-app\dataset\Coriander\Coriander Healthy\coriander_healthy_0010.jpg"
"Coriander\Coriander Healthy","ig_011.jpg","coriander_healthy_0011.jpg","D:\farm-app\dataset\Coriander\Coriander Healthy\ig_011.jpg","D:\farm-app\dataset\Coriander\Coriander Healthy\coriander_healthy_0011.jpg"
"Coriander\Coriander Healthy","ig_012.jpg","coriander_healthy_0012.jpg","D:\farm-app\dataset\Coriander\Coriander Healthy\ig_012.jpg","D:\farm-app\dataset\Coriander\Coriander Healthy\coriander_healthy_0012.jpg"
"Coriander\Coriander Healthy","ig_013.jpg","coriander_healthy_0013.jpg","D:\farm-app\dataset\Coriander\Coriander Healthy\ig_013.jpg","D:\farm-app\dataset\Coriander\Coriander Healthy\coriander_healthy_0013.jpg"
"Coriander\Coriander Healthy","ig_014.jpg","coriander_healthy_0014.jpg","D:\farm-app\dataset\Coriander\Coriander Healthy\ig_014.jpg","D:\farm-app\dataset\Coriander\Coriander Healthy\coriander_healthy_0014.jpg"
"Coriander\Coriander Healthy","ig_015.jpg","coriander_healthy_0015.jpg","D:\farm-app\dataset\Coriander\Coriander Healthy\ig_015.jpg","D:\farm-app\dataset\Coriander\Coriander Healthy\coriander_healthy_0015.jpg"
"Coriander\Coriander Healthy","ig_016.jpg","coriander_healthy_0016.jpg","D:\farm-app\dataset\Coriander\Coriander Healthy\ig_016.jpg","D:\farm-app\dataset\Coriander\Coriander Healthy\coriander_healthy_0016.jpg"
"Coriander\Coriander Healthy","ig_017.jpg","coriander_healthy_0017.jpg","D:\farm-app\dataset\Coriander\Coriander Healthy\ig_017.jpg","D:\farm-app\dataset\Coriander\Coriander Healthy\coriander_healthy_0017.jpg"
"Coriander\Coriander Healthy","ig_018.jpg","coriander_healthy_0018.jpg","D:\farm-app\dataset\Coriander\Coriander Healthy\ig_018.jpg","D:\farm-app\dataset\Coriander\Coriander Healthy\coriander_healthy_0018.jpg"
"Coriander\Coriander Healthy","ig_019.jpg","coriander_healthy_0019.jpg","D:\farm-app\dataset\Coriander\Coriander Healthy\ig_019.jpg","D:\farm-app\dataset\Coriander\Coriander Healthy\coriander_healthy_0019.jpg"
"Coriander\Coriander Healthy","ig_020.jpg","coriander_healthy_0020.jpg","D:\farm-app\dataset\Coriander\Coriander Healthy\ig_020.jpg","D:\farm-app\dataset\Coriander\Coriander Healthy\coriander_healthy_0020.jpg"
"Coriander\Coriander Healthy","ig_021.jpg","coriander_healthy_0021.jpg","D:\farm-app\dataset\Coriander\Coriander Healthy\ig_021.jpg","D:\farm-app\dataset\Coriander\Coriander Healthy\coriander_healthy_0021.jpg"
"Coriander\Coriander Healthy","ig_022.jpg","coriander_healthy_0022.jpg","D:\farm-app\dataset\Coriander\Coriander Healthy\ig_022.jpg","D:\farm-app\dataset\Coriander\Coriander Healthy\coriander_healthy_0022.jpg"
"Coriander\Coriander Healthy","ig_023.jpg","coriander_healthy_0023.jpg","D:\farm-app\dataset\Coriander\Coriander Healthy\ig_023.jpg","D:\farm-app\dataset\Coriander\Coriander Healthy\coriander_healthy_0023.jpg"
"Coriander\Coriander Healthy","ig_024.jpg","coriander_healthy_0024.jpg","D:\farm-app\dataset\Coriander\Coriander Healthy\ig_024.jpg","D:\farm-app\dataset\Coriander\Coriander Healthy\coriander_healthy_0024.jpg"
"Coriander\Coriander Healthy","ig_025.jpg","coriander_healthy_0025.jpg","D:\farm-app\dataset\Coriander\Coriander Healthy\ig_025.jpg","D:\farm-app\dataset\Coriander\Coriander Healthy\coriander_healthy_0025.jpg"
"Coriander\Coriander Healthy","ig_026.jpg","coriander_healthy_0026.jpg","D:\farm-app\dataset\Coriander\Coriander Healthy\ig_026.jpg","D:\farm-app\dataset\Coriander\Coriander Healthy\coriander_healthy_0026.jpg"
"Coriander\Coriander Healthy","ig_027.jpg","coriander_healthy_0027.jpg","D:\farm-app\dataset\Coriander\Coriander Healthy\ig_027.jpg","D:\farm-app\dataset\Coriander\Coriander Healthy\coriander_healthy_0027.jpg"
"Coriander\Coriander Healthy","ig_028.jpg","coriander_healthy_0028.jpg","D:\farm-app\dataset\Coriander\Coriander Healthy\ig_028.jpg","D:\farm-app\dataset\Coriander\Coriander Healthy\coriander_healthy_0028.jpg"
"Coriander\Coriander Healthy","ig_029.jpg","coriander_healthy_0029.jpg","D:\farm-app\dataset\Coriander\Coriander Healthy\ig_029.jpg","D:\farm-app\dataset\Coriander\Coriander Healthy\coriander_healthy_0029.jpg"
"Coriander\Coriander Healthy","ig_030.jpg","coriander_healthy_0030.jpg","D:\farm-app\dataset\Coriander\Coriander Healthy\ig_030.jpg","D:\farm-app\dataset\Coriander\Coriander Healthy\coriander_healthy_0030.jpg"
"Coriander\Coriander Healthy","ig_031.jpg","coriander_healthy_0031.jpg","D:\farm-app\dataset\Coriander\Coriander Healthy\ig_031.jpg","D:\farm-app\dataset\Coriander\Coriander Healthy\coriander_healthy_0031.jpg"
"Coriander\Coriander Healthy","ig_032.jpg","coriander_healthy_0032.jpg","D:\farm-app\dataset\Coriander\Coriander Healthy\ig_032.jpg","D:\farm-app\dataset\Coriander\Coriander Healthy\coriander_healthy_0032.jpg"
"Coriander\Coriander Healthy","ig_033.jpg","coriander_healthy_0033.jpg","D:\farm-app\dataset\Coriander\Coriander Healthy\ig_033.jpg","D:\farm-app\dataset\Coriander\Coriander Healthy\coriander_healthy_0033.jpg"
"Coriander\Coriander Healthy","ig_034.jpg","coriander_healthy_0034.jpg","D:\farm-app\dataset\Coriander\Coriander Healthy\ig_034.jpg","D:\farm-app\dataset\Coriander\Coriander Healthy\coriander_healthy_0034.jpg"
"Coriander\Coriander Healthy","ig_035.jpg","coriander_healthy_0035.jpg","D:\farm-app\dataset\Coriander\Coriander Healthy\ig_035.jpg","D:\farm-app\dataset\Coriander\Coriander Healthy\coriander_healthy_0035.jpg"
"Coriander\Coriander Healthy","ig_036.jpg","coriander_healthy_0036.jpg","D:\farm-app\dataset\Coriander\Coriander Healthy\ig_036.jpg","D:\farm-app\dataset\Coriander\Coriander Healthy\coriander_healthy_0036.jpg"
"Coriander\Coriander Healthy","ig_037.jpg","coriander_healthy_0037.jpg","D:\farm-app\dataset\Coriander\Coriander Healthy\ig_037.jpg","D:\farm-app\dataset\Coriander\Coriander Healthy\coriander_healthy_0037.jpg"
"Coriander\Coriander Healthy","ig_038.jpg","coriander_healthy_0038.jpg","D:\farm-app\dataset\Coriander\Coriander Healthy\ig_038.jpg","D:\farm-app\dataset\Coriander\Coriander Healthy\coriander_healthy_0038.jpg"
"Coriander\Coriander Healthy","ig_039.jpg","coriander_healthy_0039.jpg","D:\farm-app\dataset\Coriander\Coriander Healthy\ig_039.jpg","D:\farm-app\dataset\Coriander\Coriander Healthy\coriander_healthy_0039.jpg"
"Coriander\Coriander Healthy","ig_040.jpg","coriander_healthy_0040.jpg","D:\farm-app\dataset\Coriander\Coriander Healthy\ig_040.jpg","D:\farm-app\dataset\Coriander\Coriander Healthy\coriander_healthy_0040.jpg"
"Coriander\Coriander Healthy","ig_041.jpg","coriander_healthy_0041.jpg","D:\farm-app\dataset\Coriander\Coriander Healthy\ig_041.jpg","D:\farm-app\dataset\Coriander\Coriander Healthy\coriander_healthy_0041.jpg"
"Coriander\Coriander Healthy","ig_042.jpg","coriander_healthy_0042.jpg","D:\farm-app\dataset\Coriander\Coriander Healthy\ig_042.jpg","D:\farm-app\dataset\Coriander\Coriander Healthy\coriander_healthy_0042.jpg"
"Coriander\Coriander Healthy","ig_043.jpg","coriander_healthy_0043.jpg","D:\farm-app\dataset\Coriander\Coriander Healthy\ig_043.jpg","D:\farm-app\dataset\Coriander\Coriander Healthy\coriander_healthy_0043.jpg"
"Coriander\Coriander Healthy","ig_044.jpg","coriander_healthy_0044.jpg","D:\farm-app\dataset\Coriander\Coriander Healthy\ig_044.jpg","D:\farm-app\dataset\Coriander\Coriander Healthy\coriander_healthy_0044.jpg"
"Coriander\Coriander Healthy","ig_045.jpg","coriander_healthy_0045.jpg","D:\farm-app\dataset\Coriander\Coriander Healthy\ig_045.jpg","D:\farm-app\dataset\Coriander\Coriander Healthy\coriander_healthy_0045.jpg"
"Coriander\Coriander Healthy","ig_046.jpg","coriander_healthy_0046.jpg","D:\farm-app\dataset\Coriander\Coriander Healthy\ig_046.jpg","D:\farm-app\dataset\Coriander\Coriander Healthy\coriander_healthy_0046.jpg"
"Coriander\Coriander Healthy","ig_047.jpg","coriander_healthy_0047.jpg","D:\farm-app\dataset\Coriander\Coriander Healthy\ig_047.jpg","D:\farm-app\dataset\Coriander\Coriander Healthy\coriander_healthy_0047.jpg"
"Coriander\Coriander Healthy","ig_048.jpg","coriander_healthy_0048.jpg","D:\farm-app\dataset\Coriander\Coriander Healthy\ig_048.jpg","D:\farm-app\dataset\Coriander\Coriander Healthy\coriander_healthy_0048.jpg"
"Coriander\Coriander Healthy","ig_049.jpg","coriander_healthy_0049.jpg","D:\farm-app\dataset\Coriander\Coriander Healthy\ig_049.jpg","D:\farm-app\dataset\Coriander\Coriander Healthy\coriander_healthy_0049.jpg"
"Coriander\Coriander Healthy","ig_050.jpg","coriander_healthy_0050.jpg","D:\farm-app\dataset\Coriander\Coriander Healthy\ig_050.jpg","D:\farm-app\dataset\Coriander\Coriander Healthy\coriander_healthy_0050.jpg"
"Coriander\Coriander Healthy","ig_051.jpg","coriander_healthy_0051.jpg","D:\farm-app\dataset\Coriander\Coriander Healthy\ig_051.jpg","D:\farm-app\dataset\Coriander\Coriander Healthy\coriander_healthy_0051.jpg"
"Coriander\Coriander Healthy","ig_052.jpg","coriander_healthy_0052.jpg","D:\farm-app\dataset\Coriander\Coriander Healthy\ig_052.jpg","D:\farm-app\dataset\Coriander\Coriander Healthy\coriander_healthy_0052.jpg"
"Coriander\Coriander Healthy","ig_053.jpg","coriander_healthy_0053.jpg","D:\farm-app\dataset\Coriander\Coriander Healthy\ig_053.jpg","D:\farm-app\dataset\Coriander\Coriander Healthy\coriander_healthy_0053.jpg"
"Coriander\Coriander Healthy","ig_054.jpg","coriander_healthy_0054.jpg","D:\farm-app\dataset\Coriander\Coriander Healthy\ig_054.jpg","D:\farm-app\dataset\Coriander\Coriander Healthy\coriander_healthy_0054.jpg"
"Coriander\Coriander Healthy","ig_055.jpg","coriander_healthy_0055.jpg","D:\farm-app\dataset\Coriander\Coriander Healthy\ig_055.jpg","D:\farm-app\dataset\Coriander\Coriander Healthy\coriander_healthy_0055.jpg"
"Coriander\Coriander Healthy","ig_056.jpg","coriander_healthy_0056.jpg","D:\farm-app\dataset\Coriander\Coriander Healthy\ig_056.jpg","D:\farm-app\dataset\Coriander\Coriander Healthy\coriander_healthy_0056.jpg"
"Coriander\Coriander Healthy","ig_057.jpg","coriander_healthy_0057.jpg","D:\farm-app\dataset\Coriander\Coriander Healthy\ig_057.jpg","D:\farm-app\dataset\Coriander\Coriander Healthy\coriander_healthy_0057.jpg"
"Coriander\Coriander Healthy","ig_058.jpg","coriander_healthy_0058.jpg","D:\farm-app\dataset\Coriander\Coriander Healthy\ig_058.jpg","D:\farm-app\dataset\Coriander\Coriander Healthy\coriander_healthy_0058.jpg"
"Coriander\Coriander Healthy","ig_059.jpg","coriander_healthy_0059.jpg","D:\farm-app\dataset\Coriander\Coriander Healthy\ig_059.jpg","D:\farm-app\dataset\Coriander\Coriander Healthy\coriander_healthy_0059.jpg"
"Coriander\Coriander Healthy","ig_060.jpg","coriander_healthy_0060.jpg","D:\farm-app\dataset\Coriander\Coriander Healthy\ig_060.jpg","D:\farm-app\dataset\Coriander\Coriander Healthy\coriander_healthy_0060.jpg"
"Coriander\Coriander Healthy","ig_061.jpg","coriander_healthy_0061.jpg","D:\farm-app\dataset\Coriander\Coriander Healthy\ig_061.jpg","D:\farm-app\dataset\Coriander\Coriander Healthy\coriander_healthy_0061.jpg"
"Coriander\Coriander Healthy","ig_062.jpg","coriander_healthy_0062.jpg","D:\farm-app\dataset\Coriander\Coriander Healthy\ig_062.jpg","D:\farm-app\dataset\Coriander\Coriander Healthy\coriander_healthy_0062.jpg"
"Coriander\Coriander Healthy","ig_063.jpg","coriander_healthy_0063.jpg","D:\farm-app\dataset\Coriander\Coriander Healthy\ig_063.jpg","D:\farm-app\dataset\Coriander\Coriander Healthy\coriander_healthy_0063.jpg"
"Coriander\Coriander Healthy","ig_064.jpg","coriander_healthy_0064.jpg","D:\farm-app\dataset\Coriander\Coriander Healthy\ig_064.jpg","D:\farm-app\dataset\Coriander\Coriander Healthy\coriander_healthy_0064.jpg"
"Coriander\Coriander Healthy","ig_065.jpg","coriander_healthy_0065.jpg","D:\farm-app\dataset\Coriander\Coriander Healthy\ig_065.jpg","D:\farm-app\dataset\Coriander\Coriander Healthy\coriander_healthy_0065.jpg"
"Coriander\Coriander Healthy","ig_066.jpg","coriander_healthy_0066.jpg","D:\farm-app\dataset\Coriander\Coriander Healthy\ig_066.jpg","D:\farm-app\dataset\Coriander\Coriander Healthy\coriander_healthy_0066.jpg"
"Coriander\Coriander Healthy","ig_067.jpg","coriander_healthy_0067.jpg","D:\farm-app\dataset\Coriander\Coriander Healthy\ig_067.jpg","D:\farm-app\dataset\Coriander\Coriander Healthy\coriander_healthy_0067.jpg"
"Coriander\Coriander Healthy","ig_068.jpg","coriander_healthy_0068.jpg","D:\farm-app\dataset\Coriander\Coriander Healthy\ig_068.jpg","D:\farm-app\dataset\Coriander\Coriander Healthy\coriander_healthy_0068.jpg"
"Coriander\Coriander Healthy","ig_069.jpg","coriander_healthy_0069.jpg","D:\farm-app\dataset\Coriander\Coriander Healthy\ig_069.jpg","D:\farm-app\dataset\Coriander\Coriander Healthy\coriander_healthy_0069.jpg"
"Coriander\Coriander Healthy","ig_070.jpg","coriander_healthy_0070.jpg","D:\farm-app\dataset\Coriander\Coriander Healthy\ig_070.jpg","D:\farm-app\dataset\Coriander\Coriander Healthy\coriander_healthy_0070.jpg"
"Coriander\Coriander Healthy","ig_071.jpg","coriander_healthy_0071.jpg","D:\farm-app\dataset\Coriander\Coriander Healthy\ig_071.jpg","D:\farm-app\dataset\Coriander\Coriander Healthy\coriander_healthy_0071.jpg"
"Coriander\Coriander Healthy","ig_072.jpg","coriander_healthy_0072.jpg","D:\farm-app\dataset\Coriander\Coriander Healthy\ig_072.jpg","D:\farm-app\dataset\Coriander\Coriander Healthy\coriander_healthy_0072.jpg"
"Coriander\Coriander Healthy","ig_073.jpg","coriander_healthy_0073.jpg","D:\farm-app\dataset\Coriander\Coriander Healthy\ig_073.jpg","D:\farm-app\dataset\Coriander\Coriander Healthy\coriander_healthy_0073.jpg"
"Coriander\Coriander Healthy","ig_074.jpg","coriander_healthy_0074.jpg","D:\farm-app\dataset\Coriander\Coriander Healthy\ig_074.jpg","D:\farm-app\dataset\Coriander\Coriander Healthy\coriander_healthy_0074.jpg"
"Coriander\Coriander Healthy","ig_075.jpg","coriander_healthy_0075.jpg","D:\farm-app\dataset\Coriander\Coriander Healthy\ig_075.jpg","D:\farm-app\dataset\Coriander\Coriander Healthy\coriander_healthy_0075.jpg"
"Coriander\Coriander Healthy","ig_076.jpg","coriander_healthy_0076.jpg","D:\farm-app\dataset\Coriander\Coriander Healthy\ig_076.jpg","D:\farm-app\dataset\Coriander\Coriander Healthy\coriander_healthy_0076.jpg"
"Coriander\Coriander Healthy","ig_077.jpg","coriander_healthy_0077.jpg","D:\farm-app\dataset\Coriander\Coriander Healthy\ig_077.jpg","D:\farm-app\dataset\Coriander\Coriander Healthy\coriander_healthy_0077.jpg"
"Coriander\Coriander Healthy","ig_078.jpg","coriander_healthy_0078.jpg","D:\farm-app\dataset\Coriander\Coriander Healthy\ig_078.jpg","D:\farm-app\dataset\Coriander\Coriander Healthy\coriander_healthy_0078.jpg"
"Coriander\Coriander Healthy","ig_079.jpg","coriander_healthy_0079.jpg","D:\farm-app\dataset\Coriander\Coriander Healthy\ig_079.jpg","D:\farm-app\dataset\Coriander\Coriander Healthy\coriander_healthy_0079.jpg"
"Coriander\Coriander Healthy","ig_080.jpg","coriander_healthy_0080.jpg","D:\farm-app\dataset\Coriander\Coriander Healthy\ig_080.jpg","D:\farm-app\dataset\Coriander\Coriander Healthy\coriander_healthy_0080.jpg"
"Coriander\Coriander Healthy","ig_081.jpg","coriander_healthy_0081.jpg","D:\farm-app\dataset\Coriander\Coriander Healthy\ig_081.jpg","D:\farm-app\dataset\Coriander\Coriander Healthy\coriander_healthy_0081.jpg"
"Coriander\Coriander Healthy","ig_082.jpg","coriander_healthy_0082.jpg","D:\farm-app\dataset\Coriander\Coriander Healthy\ig_082.jpg","D:\farm-app\dataset\Coriander\Coriander Healthy\coriander_healthy_0082.jpg"
"Coriander\Coriander Healthy","ig_083.jpg","coriander_healthy_0083.jpg","D:\farm-app\dataset\Coriander\Coriander Healthy\ig_083.jpg","D:\farm-app\dataset\Coriander\Coriander Healthy\coriander_healthy_0083.jpg"
"Coriander\Coriander Healthy","ig_084.jpg","coriander_healthy_0084.jpg","D:\farm-app\dataset\Coriander\Coriander Healthy\ig_084.jpg","D:\farm-app\dataset\Coriander\Coriander Healthy\coriander_healthy_0084.jpg"
"Coriander\Coriander Healthy","ig_085.jpg","coriander_healthy_0085.jpg","D:\farm-app\dataset\Coriander\Coriander Healthy\ig_085.jpg","D:\farm-app\dataset\Coriander\Coriander Healthy\coriander_healthy_0085.jpg"
"Coriander\Coriander Healthy","ig_086.jpg","coriander_healthy_0086.jpg","D:\farm-app\dataset\Coriander\Coriander Healthy\ig_086.jpg","D:\farm-app\dataset\Coriander\Coriander Healthy\coriander_healthy_0086.jpg"
"Coriander\Coriander Healthy","ig_087.jpg","coriander_healthy_0087.jpg","D:\farm-app\dataset\Coriander\Coriander Healthy\ig_087.jpg","D:\farm-app\dataset\Coriander\Coriander Healthy\coriander_healthy_0087.jpg"
"Coriander\Coriander Healthy","ig_088.jpg","coriander_healthy_0088.jpg","D:\farm-app\dataset\Coriander\Coriander Healthy\ig_088.jpg","D:\farm-app\dataset\Coriander\Coriander Healthy\coriander_healthy_0088.jpg"
"Coriander\Coriander Healthy","ig_089.jpg","coriander_healthy_0089.jpg","D:\farm-app\dataset\Coriander\Coriander Healthy\ig_089.jpg","D:\farm-app\dataset\Coriander\Coriander Healthy\coriander_healthy_0089.jpg"
"Coriander\Coriander Healthy","ig_090.jpg","coriander_healthy_0090.jpg","D:\farm-app\dataset\Coriander\Coriander Healthy\ig_090.jpg","D:\farm-app\dataset\Coriander\Coriander Healthy\coriander_healthy_0090.jpg"
"Coriander\Coriander Healthy","ig_091.jpg","coriander_healthy_0091.jpg","D:\farm-app\dataset\Coriander\Coriander Healthy\ig_091.jpg","D:\farm-app\dataset\Coriander\Coriander Healthy\coriander_healthy_0091.jpg"
"Coriander\Coriander Healthy","ig_092.jpg","coriander_healthy_0092.jpg","D:\farm-app\dataset\Coriander\Coriander Healthy\ig_092.jpg","D:\farm-app\dataset\Coriander\Coriander Healthy\coriander_healthy_0092.jpg"
"Coriander\Coriander Healthy","ig_093.jpg","coriander_healthy_0093.jpg","D:\farm-app\dataset\Coriander\Coriander Healthy\ig_093.jpg","D:\farm-app\dataset\Coriander\Coriander Healthy\coriander_healthy_0093.jpg"
"Coriander\Coriander Healthy","ig_094.jpg","coriander_healthy_0094.jpg","D:\farm-app\dataset\Coriander\Coriander Healthy\ig_094.jpg","D:\farm-app\dataset\Coriander\Coriander Healthy\coriander_healthy_0094.jpg"
"Coriander\Coriander Healthy","ig_095.jpg","coriander_healthy_0095.jpg","D:\farm-app\dataset\Coriander\Coriander Healthy\ig_095.jpg","D:\farm-app\dataset\Coriander\Coriander Healthy\coriander_healthy_0095.jpg"
"Coriander\Coriander Healthy","ig_096.jpg","coriander_healthy_0096.jpg","D:\farm-app\dataset\Coriander\Coriander Healthy\ig_096.jpg","D:\farm-app\dataset\Coriander\Coriander Healthy\coriander_healthy_0096.jpg"
"Coriander\Coriander Healthy","ig_097.jpg","coriander_healthy_0097.jpg","D:\farm-app\dataset\Coriander\Coriander Healthy\ig_097.jpg","D:\farm-app\dataset\Coriander\Coriander Healthy\coriander_healthy_0097.jpg"
"Coriander\Coriander Healthy","ig_098.jpg","coriander_healthy_0098.jpg","D:\farm-app\dataset\Coriander\Coriander Healthy\ig_098.jpg","D:\farm-app\dataset\Coriander\Coriander Healthy\coriander_healthy_0098.jpg"
"Coriander\Coriander Healthy","ig_099.jpg","coriander_healthy_0099.jpg","D:\farm-app\dataset\Coriander\Coriander Healthy\ig_099.jpg","D:\farm-app\dataset\Coriander\Coriander Healthy\coriander_healthy_0099.jpg"
"Coriander\Coriander Healthy","ig_100.jpg","coriander_healthy_0100.jpg","D:\farm-app\dataset\Coriander\Coriander Healthy\ig_100.jpg","D:\farm-app\dataset\Coriander\Coriander Healthy\coriander_healthy_0100.jpg"
"Coriander\Powdery Mildew","imag_001.jpg","coriander_powdery_mildew_0001.jpg","D:\farm-app\dataset\Coriander\Powdery Mildew\imag_001.jpg","D:\farm-app\dataset\Coriander\Powdery Mildew\coriander_powdery_mildew_0001.jpg"
"Coriander\Powdery Mildew","imag_002.jpg","coriander_powdery_mildew_0002.jpg","D:\farm-app\dataset\Coriander\Powdery Mildew\imag_002.jpg","D:\farm-app\dataset\Coriander\Powdery Mildew\coriander_powdery_mildew_0002.jpg"
"Coriander\Powdery Mildew","imag_003.jpg","coriander_powdery_mildew_0003.jpg","D:\farm-app\dataset\Coriander\Powdery Mildew\imag_003.jpg","D:\farm-app\dataset\Coriander\Powdery Mildew\coriander_powdery_mildew_0003.jpg"
"Coriander\Powdery Mildew","imag_004.jpg","coriander_powdery_mildew_0004.jpg","D:\farm-app\dataset\Coriander\Powdery Mildew\imag_004.jpg","D:\farm-app\dataset\Coriander\Powdery Mildew\coriander_powdery_mildew_0004.jpg"
"Coriander\Powdery Mildew","imag_005.jpg","coriander_powdery_mildew_0005.jpg","D:\farm-app\dataset\Coriander\Powdery Mildew\imag_005.jpg","D:\farm-app\dataset\Coriander\Powdery Mildew\coriander_powdery_mildew_0005.jpg"
"Coriander\Powdery Mildew","imag_006.jpg","coriander_powdery_mildew_0006.jpg","D:\farm-app\dataset\Coriander\Powdery Mildew\imag_006.jpg","D:\farm-app\dataset\Coriander\Powdery Mildew\coriander_powdery_mildew_0006.jpg"
"Coriander\Powdery Mildew","imag_007.jpg","coriander_powdery_mildew_0007.jpg","D:\farm-app\dataset\Coriander\Powdery Mildew\imag_007.jpg","D:\farm-app\dataset\Coriander\Powdery Mildew\coriander_powdery_mildew_0007.jpg"
"Coriander\Powdery Mildew","imag_008.jpg","coriander_powdery_mildew_0008.jpg","D:\farm-app\dataset\Coriander\Powdery Mildew\imag_008.jpg","D:\farm-app\dataset\Coriander\Powdery Mildew\coriander_powdery_mildew_0008.jpg"
"Coriander\Powdery Mildew","imag_009.jpg","coriander_powdery_mildew_0009.jpg","D:\farm-app\dataset\Coriander\Powdery Mildew\imag_009.jpg","D:\farm-app\dataset\Coriander\Powdery Mildew\coriander_powdery_mildew_0009.jpg"
"Coriander\Powdery Mildew","imag_010.jpg","coriander_powdery_mildew_0010.jpg","D:\farm-app\dataset\Coriander\Powdery Mildew\imag_010.jpg","D:\farm-app\dataset\Coriander\Powdery Mildew\coriander_powdery_mildew_0010.jpg"
"Coriander\Powdery Mildew","imag_011.jpg","coriander_powdery_mildew_0011.jpg","D:\farm-app\dataset\Coriander\Powdery Mildew\imag_011.jpg","D:\farm-app\dataset\Coriander\Powdery Mildew\coriander_powdery_mildew_0011.jpg"
"Coriander\Powdery Mildew","imag_012.jpg","coriander_powdery_mildew_0012.jpg","D:\farm-app\dataset\Coriander\Powdery Mildew\imag_012.jpg","D:\farm-app\dataset\Coriander\Powdery Mildew\coriander_powdery_mildew_0012.jpg"
"Coriander\Powdery Mildew","imag_013.jpg","coriander_powdery_mildew_0013.jpg","D:\farm-app\dataset\Coriander\Powdery Mildew\imag_013.jpg","D:\farm-app\dataset\Coriander\Powdery Mildew\coriander_powdery_mildew_0013.jpg"
"Coriander\Powdery Mildew","imag_014.jpg","coriander_powdery_mildew_0014.jpg","D:\farm-app\dataset\Coriander\Powdery Mildew\imag_014.jpg","D:\farm-app\dataset\Coriander\Powdery Mildew\coriander_powdery_mildew_0014.jpg"
"Coriander\Powdery Mildew","imag_015.jpg","coriander_powdery_mildew_0015.jpg","D:\farm-app\dataset\Coriander\Powdery Mildew\imag_015.jpg","D:\farm-app\dataset\Coriander\Powdery Mildew\coriander_powdery_mildew_0015.jpg"
"Coriander\Powdery Mildew","imag_016.jpg","coriander_powdery_mildew_0016.jpg","D:\farm-app\dataset\Coriander\Powdery Mildew\imag_016.jpg","D:\farm-app\dataset\Coriander\Powdery Mildew\coriander_powdery_mildew_0016.jpg"
"Coriander\Powdery Mildew","imag_017.jpg","coriander_powdery_mildew_0017.jpg","D:\farm-app\dataset\Coriander\Powdery Mildew\imag_017.jpg","D:\farm-app\dataset\Coriander\Powdery Mildew\coriander_powdery_mildew_0017.jpg"
"Coriander\Powdery Mildew","imag_018.jpg","coriander_powdery_mildew_0018.jpg","D:\farm-app\dataset\Coriander\Powdery Mildew\imag_018.jpg","D:\farm-app\dataset\Coriander\Powdery Mildew\coriander_powdery_mildew_0018.jpg"
"Coriander\Powdery Mildew","imag_019.jpg","coriander_powdery_mildew_0019.jpg","D:\farm-app\dataset\Coriander\Powdery Mildew\imag_019.jpg","D:\farm-app\dataset\Coriander\Powdery Mildew\coriander_powdery_mildew_0019.jpg"
"Coriander\Powdery Mildew","imag_020.jpg","coriander_powdery_mildew_0020.jpg","D:\farm-app\dataset\Coriander\Powdery Mildew\imag_020.jpg","D:\farm-app\dataset\Coriander\Powdery Mildew\coriander_powdery_mildew_0020.jpg"
"Coriander\Powdery Mildew","imag_021.jpg","coriander_powdery_mildew_0021.jpg","D:\farm-app\dataset\Coriander\Powdery Mildew\imag_021.jpg","D:\farm-app\dataset\Coriander\Powdery Mildew\coriander_powdery_mildew_0021.jpg"
"Coriander\Powdery Mildew","imag_022.jpg","coriander_powdery_mildew_0022.jpg","D:\farm-app\dataset\Coriander\Powdery Mildew\imag_022.jpg","D:\farm-app\dataset\Coriander\Powdery Mildew\coriander_powdery_mildew_0022.jpg"
"Coriander\Powdery Mildew","imag_023.jpg","coriander_powdery_mildew_0023.jpg","D:\farm-app\dataset\Coriander\Powdery Mildew\imag_023.jpg","D:\farm-app\dataset\Coriander\Powdery Mildew\coriander_powdery_mildew_0023.jpg"
"Coriander\Powdery Mildew","imag_024.jpg","coriander_powdery_mildew_0024.jpg","D:\farm-app\dataset\Coriander\Powdery Mildew\imag_024.jpg","D:\farm-app\dataset\Coriander\Powdery Mildew\coriander_powdery_mildew_0024.jpg"
"Coriander\Powdery Mildew","imag_025.jpg","coriander_powdery_mildew_0025.jpg","D:\farm-app\dataset\Coriander\Powdery Mildew\imag_025.jpg","D:\farm-app\dataset\Coriander\Powdery Mildew\coriander_powdery_mildew_0025.jpg"
"Coriander\Powdery Mildew","imag_026.jpg","coriander_powdery_mildew_0026.jpg","D:\farm-app\dataset\Coriander\Powdery Mildew\imag_026.jpg","D:\farm-app\dataset\Coriander\Powdery Mildew\coriander_powdery_mildew_0026.jpg"
"Coriander\Powdery Mildew","imag_027.jpg","coriander_powdery_mildew_0027.jpg","D:\farm-app\dataset\Coriander\Powdery Mildew\imag_027.jpg","D:\farm-app\dataset\Coriander\Powdery Mildew\coriander_powdery_mildew_0027.jpg"
"Coriander\Powdery Mildew","imag_028.jpg","coriander_powdery_mildew_0028.jpg","D:\farm-app\dataset\Coriander\Powdery Mildew\imag_028.jpg","D:\farm-app\dataset\Coriander\Powdery Mildew\coriander_powdery_mildew_0028.jpg"
"Coriander\Powdery Mildew","imag_029.jpg","coriander_powdery_mildew_0029.jpg","D:\farm-app\dataset\Coriander\Powdery Mildew\imag_029.jpg","D:\farm-app\dataset\Coriander\Powdery Mildew\coriander_powdery_mildew_0029.jpg"
"Coriander\Powdery Mildew","imag_030.jpg","coriander_powdery_mildew_0030.jpg","D:\farm-app\dataset\Coriander\Powdery Mildew\imag_030.jpg","D:\farm-app\dataset\Coriander\Powdery Mildew\coriander_powdery_mildew_0030.jpg"
"Coriander\Powdery Mildew","images - Copy.jpeg","coriander_powdery_mildew_0031.jpeg","D:\farm-app\dataset\Coriander\Powdery Mildew\images - Copy.jpeg","D:\farm-app\dataset\Coriander\Powdery Mildew\coriander_powdery_mildew_0031.jpeg"
"Coriander\Powdery Mildew","images (1) - Copy.jpeg","coriander_powdery_mildew_0032.jpeg","D:\farm-app\dataset\Coriander\Powdery Mildew\images (1) - Copy.jpeg","D:\farm-app\dataset\Coriander\Powdery Mildew\coriander_powdery_mildew_0032.jpeg"
"Coriander\Powdery Mildew","images (1).jpeg","coriander_powdery_mildew_0033.jpeg","D:\farm-app\dataset\Coriander\Powdery Mildew\images (1).jpeg","D:\farm-app\dataset\Coriander\Powdery Mildew\coriander_powdery_mildew_0033.jpeg"
"Coriander\Powdery Mildew","images (10) - Copy.jpeg","coriander_powdery_mildew_0034.jpeg","D:\farm-app\dataset\Coriander\Powdery Mildew\images (10) - Copy.jpeg","D:\farm-app\dataset\Coriander\Powdery Mildew\coriander_powdery_mildew_0034.jpeg"
"Coriander\Powdery Mildew","images (10).jpeg","coriander_powdery_mildew_0035.jpeg","D:\farm-app\dataset\Coriander\Powdery Mildew\images (10).jpeg","D:\farm-app\dataset\Coriander\Powdery Mildew\coriander_powdery_mildew_0035.jpeg"
"Coriander\Powdery Mildew","images (11) - Copy.jpeg","coriander_powdery_mildew_0036.jpeg","D:\farm-app\dataset\Coriander\Powdery Mildew\images (11) - Copy.jpeg","D:\farm-app\dataset\Coriander\Powdery Mildew\coriander_powdery_mildew_0036.jpeg"
"Coriander\Powdery Mildew","images (11).jpeg","coriander_powdery_mildew_0037.jpeg","D:\farm-app\dataset\Coriander\Powdery Mildew\images (11).jpeg","D:\farm-app\dataset\Coriander\Powdery Mildew\coriander_powdery_mildew_0037.jpeg"
"Coriander\Powdery Mildew","images (12) - Copy.jpeg","coriander_powdery_mildew_0038.jpeg","D:\farm-app\dataset\Coriander\Powdery Mildew\images (12) - Copy.jpeg","D:\farm-app\dataset\Coriander\Powdery Mildew\coriander_powdery_mildew_0038.jpeg"
"Coriander\Powdery Mildew","images (12).jpeg","coriander_powdery_mildew_0039.jpeg","D:\farm-app\dataset\Coriander\Powdery Mildew\images (12).jpeg","D:\farm-app\dataset\Coriander\Powdery Mildew\coriander_powdery_mildew_0039.jpeg"
"Coriander\Powdery Mildew","images (13) - Copy.jpeg","coriander_powdery_mildew_0040.jpeg","D:\farm-app\dataset\Coriander\Powdery Mildew\images (13) - Copy.jpeg","D:\farm-app\dataset\Coriander\Powdery Mildew\coriander_powdery_mildew_0040.jpeg"
"Coriander\Powdery Mildew","images (13).jpeg","coriander_powdery_mildew_0041.jpeg","D:\farm-app\dataset\Coriander\Powdery Mildew\images (13).jpeg","D:\farm-app\dataset\Coriander\Powdery Mildew\coriander_powdery_mildew_0041.jpeg"
"Coriander\Powdery Mildew","images (14) - Copy.jpeg","coriander_powdery_mildew_0042.jpeg","D:\farm-app\dataset\Coriander\Powdery Mildew\images (14) - Copy.jpeg","D:\farm-app\dataset\Coriander\Powdery Mildew\coriander_powdery_mildew_0042.jpeg"
"Coriander\Powdery Mildew","images (14).jpeg","coriander_powdery_mildew_0043.jpeg","D:\farm-app\dataset\Coriander\Powdery Mildew\images (14).jpeg","D:\farm-app\dataset\Coriander\Powdery Mildew\coriander_powdery_mildew_0043.jpeg"
"Coriander\Powdery Mildew","images (15) - Copy.jpeg","coriander_powdery_mildew_0044.jpeg","D:\farm-app\dataset\Coriander\Powdery Mildew\images (15) - Copy.jpeg","D:\farm-app\dataset\Coriander\Powdery Mildew\coriander_powdery_mildew_0044.jpeg"
"Coriander\Powdery Mildew","images (15).jpeg","coriander_powdery_mildew_0045.jpeg","D:\farm-app\dataset\Coriander\Powdery Mildew\images (15).jpeg","D:\farm-app\dataset\Coriander\Powdery Mildew\coriander_powdery_mildew_0045.jpeg"
"Coriander\Powdery Mildew","images (16) - Copy.jpeg","coriander_powdery_mildew_0046.jpeg","D:\farm-app\dataset\Coriander\Powdery Mildew\images (16) - Copy.jpeg","D:\farm-app\dataset\Coriander\Powdery Mildew\coriander_powdery_mildew_0046.jpeg"
"Coriander\Powdery Mildew","images (16).jpeg","coriander_powdery_mildew_0047.jpeg","D:\farm-app\dataset\Coriander\Powdery Mildew\images (16).jpeg","D:\farm-app\dataset\Coriander\Powdery Mildew\coriander_powdery_mildew_0047.jpeg"
"Coriander\Powdery Mildew","images (17) - Copy.jpeg","coriander_powdery_mildew_0048.jpeg","D:\farm-app\dataset\Coriander\Powdery Mildew\images (17) - Copy.jpeg","D:\farm-app\dataset\Coriander\Powdery Mildew\coriander_powdery_mildew_0048.jpeg"
"Coriander\Powdery Mildew","images (17).jpeg","coriander_powdery_mildew_0049.jpeg","D:\farm-app\dataset\Coriander\Powdery Mildew\images (17).jpeg","D:\farm-app\dataset\Coriander\Powdery Mildew\coriander_powdery_mildew_0049.jpeg"
"Coriander\Powdery Mildew","images (18) - Copy.jpeg","coriander_powdery_mildew_0050.jpeg","D:\farm-app\dataset\Coriander\Powdery Mildew\images (18) - Copy.jpeg","D:\farm-app\dataset\Coriander\Powdery Mildew\coriander_powdery_mildew_0050.jpeg"
"Coriander\Powdery Mildew","images (18).jpeg","coriander_powdery_mildew_0051.jpeg","D:\farm-app\dataset\Coriander\Powdery Mildew\images (18).jpeg","D:\farm-app\dataset\Coriander\Powdery Mildew\coriander_powdery_mildew_0051.jpeg"
"Coriander\Powdery Mildew","images (19) - Copy.jpeg","coriander_powdery_mildew_0052.jpeg","D:\farm-app\dataset\Coriander\Powdery Mildew\images (19) - Copy.jpeg","D:\farm-app\dataset\Coriander\Powdery Mildew\coriander_powdery_mildew_0052.jpeg"
"Coriander\Powdery Mildew","images (19).jpeg","coriander_powdery_mildew_0053.jpeg","D:\farm-app\dataset\Coriander\Powdery Mildew\images (19).jpeg","D:\farm-app\dataset\Coriander\Powdery Mildew\coriander_powdery_mildew_0053.jpeg"
"Coriander\Powdery Mildew","images (2) - Copy.jpeg","coriander_powdery_mildew_0054.jpeg","D:\farm-app\dataset\Coriander\Powdery Mildew\images (2) - Copy.jpeg","D:\farm-app\dataset\Coriander\Powdery Mildew\coriander_powdery_mildew_0054.jpeg"
"Coriander\Powdery Mildew","images (2).jpeg","coriander_powdery_mildew_0055.jpeg","D:\farm-app\dataset\Coriander\Powdery Mildew\images (2).jpeg","D:\farm-app\dataset\Coriander\Powdery Mildew\coriander_powdery_mildew_0055.jpeg"
"Coriander\Powdery Mildew","images (20) - Copy.jpeg","coriander_powdery_mildew_0056.jpeg","D:\farm-app\dataset\Coriander\Powdery Mildew\images (20) - Copy.jpeg","D:\farm-app\dataset\Coriander\Powdery Mildew\coriander_powdery_mildew_0056.jpeg"
"Coriander\Powdery Mildew","images (20).jpeg","coriander_powdery_mildew_0057.jpeg","D:\farm-app\dataset\Coriander\Powdery Mildew\images (20).jpeg","D:\farm-app\dataset\Coriander\Powdery Mildew\coriander_powdery_mildew_0057.jpeg"
"Coriander\Powdery Mildew","images (21) - Copy.jpeg","coriander_powdery_mildew_0058.jpeg","D:\farm-app\dataset\Coriander\Powdery Mildew\images (21) - Copy.jpeg","D:\farm-app\dataset\Coriander\Powdery Mildew\coriander_powdery_mildew_0058.jpeg"
"Coriander\Powdery Mildew","images (21).jpeg","coriander_powdery_mildew_0059.jpeg","D:\farm-app\dataset\Coriander\Powdery Mildew\images (21).jpeg","D:\farm-app\dataset\Coriander\Powdery Mildew\coriander_powdery_mildew_0059.jpeg"
"Coriander\Powdery Mildew","images (22) - Copy.jpeg","coriander_powdery_mildew_0060.jpeg","D:\farm-app\dataset\Coriander\Powdery Mildew\images (22) - Copy.jpeg","D:\farm-app\dataset\Coriander\Powdery Mildew\coriander_powdery_mildew_0060.jpeg"
"Coriander\Powdery Mildew","images (22).jpeg","coriander_powdery_mildew_0061.jpeg","D:\farm-app\dataset\Coriander\Powdery Mildew\images (22).jpeg","D:\farm-app\dataset\Coriander\Powdery Mildew\coriander_powdery_mildew_0061.jpeg"
"Coriander\Powdery Mildew","images (23) - Copy.jpeg","coriander_powdery_mildew_0062.jpeg","D:\farm-app\dataset\Coriander\Powdery Mildew\images (23) - Copy.jpeg","D:\farm-app\dataset\Coriander\Powdery Mildew\coriander_powdery_mildew_0062.jpeg"
"Coriander\Powdery Mildew","images (23).jpeg","coriander_powdery_mildew_0063.jpeg","D:\farm-app\dataset\Coriander\Powdery Mildew\images (23).jpeg","D:\farm-app\dataset\Coriander\Powdery Mildew\coriander_powdery_mildew_0063.jpeg"
"Coriander\Powdery Mildew","images (24) - Copy.jpeg","coriander_powdery_mildew_0064.jpeg","D:\farm-app\dataset\Coriander\Powdery Mildew\images (24) - Copy.jpeg","D:\farm-app\dataset\Coriander\Powdery Mildew\coriander_powdery_mildew_0064.jpeg"
"Coriander\Powdery Mildew","images (24).jpeg","coriander_powdery_mildew_0065.jpeg","D:\farm-app\dataset\Coriander\Powdery Mildew\images (24).jpeg","D:\farm-app\dataset\Coriander\Powdery Mildew\coriander_powdery_mildew_0065.jpeg"
"Coriander\Powdery Mildew","images (25) - Copy.jpeg","coriander_powdery_mildew_0066.jpeg","D:\farm-app\dataset\Coriander\Powdery Mildew\images (25) - Copy.jpeg","D:\farm-app\dataset\Coriander\Powdery Mildew\coriander_powdery_mildew_0066.jpeg"
"Coriander\Powdery Mildew","images (25).jpeg","coriander_powdery_mildew_0067.jpeg","D:\farm-app\dataset\Coriander\Powdery Mildew\images (25).jpeg","D:\farm-app\dataset\Coriander\Powdery Mildew\coriander_powdery_mildew_0067.jpeg"
"Coriander\Powdery Mildew","images (26) - Copy.jpeg","coriander_powdery_mildew_0068.jpeg","D:\farm-app\dataset\Coriander\Powdery Mildew\images (26) - Copy.jpeg","D:\farm-app\dataset\Coriander\Powdery Mildew\coriander_powdery_mildew_0068.jpeg"
"Coriander\Powdery Mildew","images (26).jpeg","coriander_powdery_mildew_0069.jpeg","D:\farm-app\dataset\Coriander\Powdery Mildew\images (26).jpeg","D:\farm-app\dataset\Coriander\Powdery Mildew\coriander_powdery_mildew_0069.jpeg"
"Coriander\Powdery Mildew","images (27) - Copy.jpeg","coriander_powdery_mildew_0070.jpeg","D:\farm-app\dataset\Coriander\Powdery Mildew\images (27) - Copy.jpeg","D:\farm-app\dataset\Coriander\Powdery Mildew\coriander_powdery_mildew_0070.jpeg"
"Coriander\Powdery Mildew","images (27).jpeg","coriander_powdery_mildew_0071.jpeg","D:\farm-app\dataset\Coriander\Powdery Mildew\images (27).jpeg","D:\farm-app\dataset\Coriander\Powdery Mildew\coriander_powdery_mildew_0071.jpeg"
"Coriander\Powdery Mildew","images (28) - Copy.jpeg","coriander_powdery_mildew_0072.jpeg","D:\farm-app\dataset\Coriander\Powdery Mildew\images (28) - Copy.jpeg","D:\farm-app\dataset\Coriander\Powdery Mildew\coriander_powdery_mildew_0072.jpeg"
"Coriander\Powdery Mildew","images (28).jpeg","coriander_powdery_mildew_0073.jpeg","D:\farm-app\dataset\Coriander\Powdery Mildew\images (28).jpeg","D:\farm-app\dataset\Coriander\Powdery Mildew\coriander_powdery_mildew_0073.jpeg"
"Coriander\Powdery Mildew","images (29) - Copy.jpeg","coriander_powdery_mildew_0074.jpeg","D:\farm-app\dataset\Coriander\Powdery Mildew\images (29) - Copy.jpeg","D:\farm-app\dataset\Coriander\Powdery Mildew\coriander_powdery_mildew_0074.jpeg"
"Coriander\Powdery Mildew","images (29).jpeg","coriander_powdery_mildew_0075.jpeg","D:\farm-app\dataset\Coriander\Powdery Mildew\images (29).jpeg","D:\farm-app\dataset\Coriander\Powdery Mildew\coriander_powdery_mildew_0075.jpeg"
"Coriander\Powdery Mildew","images (3) - Copy.jpeg","coriander_powdery_mildew_0076.jpeg","D:\farm-app\dataset\Coriander\Powdery Mildew\images (3) - Copy.jpeg","D:\farm-app\dataset\Coriander\Powdery Mildew\coriander_powdery_mildew_0076.jpeg"
"Coriander\Powdery Mildew","images (3).jpeg","coriander_powdery_mildew_0077.jpeg","D:\farm-app\dataset\Coriander\Powdery Mildew\images (3).jpeg","D:\farm-app\dataset\Coriander\Powdery Mildew\coriander_powdery_mildew_0077.jpeg"
"Coriander\Powdery Mildew","images (30) - Copy.jpeg","coriander_powdery_mildew_0078.jpeg","D:\farm-app\dataset\Coriander\Powdery Mildew\images (30) - Copy.jpeg","D:\farm-app\dataset\Coriander\Powdery Mildew\coriander_powdery_mildew_0078.jpeg"
"Coriander\Powdery Mildew","images (30).jpeg","coriander_powdery_mildew_0079.jpeg","D:\farm-app\dataset\Coriander\Powdery Mildew\images (30).jpeg","D:\farm-app\dataset\Coriander\Powdery Mildew\coriander_powdery_mildew_0079.jpeg"
"Coriander\Powdery Mildew","images (31) - Copy.jpeg","coriander_powdery_mildew_0080.jpeg","D:\farm-app\dataset\Coriander\Powdery Mildew\images (31) - Copy.jpeg","D:\farm-app\dataset\Coriander\Powdery Mildew\coriander_powdery_mildew_0080.jpeg"
"Coriander\Powdery Mildew","images (31).jpeg","coriander_powdery_mildew_0081.jpeg","D:\farm-app\dataset\Coriander\Powdery Mildew\images (31).jpeg","D:\farm-app\dataset\Coriander\Powdery Mildew\coriander_powdery_mildew_0081.jpeg"
"Coriander\Powdery Mildew","images (32) - Copy.jpeg","coriander_powdery_mildew_0082.jpeg","D:\farm-app\dataset\Coriander\Powdery Mildew\images (32) - Copy.jpeg","D:\farm-app\dataset\Coriander\Powdery Mildew\coriander_powdery_mildew_0082.jpeg"
"Coriander\Powdery Mildew","images (32).jpeg","coriander_powdery_mildew_0083.jpeg","D:\farm-app\dataset\Coriander\Powdery Mildew\images (32).jpeg","D:\farm-app\dataset\Coriander\Powdery Mildew\coriander_powdery_mildew_0083.jpeg"
"Coriander\Powdery Mildew","images (33) - Copy.jpeg","coriander_powdery_mildew_0084.jpeg","D:\farm-app\dataset\Coriander\Powdery Mildew\images (33) - Copy.jpeg","D:\farm-app\dataset\Coriander\Powdery Mildew\coriander_powdery_mildew_0084.jpeg"
"Coriander\Powdery Mildew","images (33).jpeg","coriander_powdery_mildew_0085.jpeg","D:\farm-app\dataset\Coriander\Powdery Mildew\images (33).jpeg","D:\farm-app\dataset\Coriander\Powdery Mildew\coriander_powdery_mildew_0085.jpeg"
"Coriander\Powdery Mildew","images (34) - Copy.jpeg","coriander_powdery_mildew_0086.jpeg","D:\farm-app\dataset\Coriander\Powdery Mildew\images (34) - Copy.jpeg","D:\farm-app\dataset\Coriander\Powdery Mildew\coriander_powdery_mildew_0086.jpeg"
"Coriander\Powdery Mildew","images (34).jpeg","coriander_powdery_mildew_0087.jpeg","D:\farm-app\dataset\Coriander\Powdery Mildew\images (34).jpeg","D:\farm-app\dataset\Coriander\Powdery Mildew\coriander_powdery_mildew_0087.jpeg"
"Coriander\Powdery Mildew","images (35) - Copy.jpeg","coriander_powdery_mildew_0088.jpeg","D:\farm-app\dataset\Coriander\Powdery Mildew\images (35) - Copy.jpeg","D:\farm-app\dataset\Coriander\Powdery Mildew\coriander_powdery_mildew_0088.jpeg"
"Coriander\Powdery Mildew","images (35).jpeg","coriander_powdery_mildew_0089.jpeg","D:\farm-app\dataset\Coriander\Powdery Mildew\images (35).jpeg","D:\farm-app\dataset\Coriander\Powdery Mildew\coriander_powdery_mildew_0089.jpeg"
"Coriander\Powdery Mildew","images (4) - Copy.jpeg","coriander_powdery_mildew_0090.jpeg","D:\farm-app\dataset\Coriander\Powdery Mildew\images (4) - Copy.jpeg","D:\farm-app\dataset\Coriander\Powdery Mildew\coriander_powdery_mildew_0090.jpeg"
"Coriander\Powdery Mildew","images (4).jpeg","coriander_powdery_mildew_0091.jpeg","D:\farm-app\dataset\Coriander\Powdery Mildew\images (4).jpeg","D:\farm-app\dataset\Coriander\Powdery Mildew\coriander_powdery_mildew_0091.jpeg"
"Coriander\Powdery Mildew","images (5) - Copy.jpeg","coriander_powdery_mildew_0092.jpeg","D:\farm-app\dataset\Coriander\Powdery Mildew\images (5) - Copy.jpeg","D:\farm-app\dataset\Coriander\Powdery Mildew\coriander_powdery_mildew_0092.jpeg"
"Coriander\Powdery Mildew","images (5).jpeg","coriander_powdery_mildew_0093.jpeg","D:\farm-app\dataset\Coriander\Powdery Mildew\images (5).jpeg","D:\farm-app\dataset\Coriander\Powdery Mildew\coriander_powdery_mildew_0093.jpeg"
"Coriander\Powdery Mildew","images (7) - Copy.jpeg","coriander_powdery_mildew_0094.jpeg","D:\farm-app\dataset\Coriander\Powdery Mildew\images (7) - Copy.jpeg","D:\farm-app\dataset\Coriander\Powdery Mildew\coriander_powdery_mildew_0094.jpeg"
"Coriander\Powdery Mildew","images (7).jpeg","coriander_powdery_mildew_0095.jpeg","D:\farm-app\dataset\Coriander\Powdery Mildew\images (7).jpeg","D:\farm-app\dataset\Coriander\Powdery Mildew\coriander_powdery_mildew_0095.jpeg"
"Coriander\Powdery Mildew","images (8) - Copy.jpeg","coriander_powdery_mildew_0096.jpeg","D:\farm-app\dataset\Coriander\Powdery Mildew\images (8) - Copy.jpeg","D:\farm-app\dataset\Coriander\Powdery Mildew\coriander_powdery_mildew_0096.jpeg"
"Coriander\Powdery Mildew","images (8).jpeg","coriander_powdery_mildew_0097.jpeg","D:\farm-app\dataset\Coriander\Powdery Mildew\images (8).jpeg","D:\farm-app\dataset\Coriander\Powdery Mildew\coriander_powdery_mildew_0097.jpeg"
"Coriander\Powdery Mildew","images (9) - Copy.jpeg","coriander_powdery_mildew_0098.jpeg","D:\farm-app\dataset\Coriander\Powdery Mildew\images (9) - Copy.jpeg","D:\farm-app\dataset\Coriander\Powdery Mildew\coriander_powdery_mildew_0098.jpeg"
"Coriander\Powdery Mildew","images (9).jpeg","coriander_powdery_mildew_0099.jpeg","D:\farm-app\dataset\Coriander\Powdery Mildew\images (9).jpeg","D:\farm-app\dataset\Coriander\Powdery Mildew\coriander_powdery_mildew_0099.jpeg"
"Coriander\Powdery Mildew","images.jpeg","coriander_powdery_mildew_0100.jpeg","D:\farm-app\dataset\Coriander\Powdery Mildew\images.jpeg","D:\farm-app\dataset\Coriander\Powdery Mildew\coriander_powdery_mildew_0100.jpeg"
"Fenugreek\Bacterial blight","imag_001.jpg","fenugreek_bacterial_blight_0001.jpg","D:\farm-app\dataset\Fenugreek\Bacterial blight\imag_001.jpg","D:\farm-app\dataset\Fenugreek\Bacterial blight\fenugreek_bacterial_blight_0001.jpg"
"Fenugreek\Bacterial blight","imag_002.jpg","fenugreek_bacterial_blight_0002.jpg","D:\farm-app\dataset\Fenugreek\Bacterial blight\imag_002.jpg","D:\farm-app\dataset\Fenugreek\Bacterial blight\fenugreek_bacterial_blight_0002.jpg"
"Fenugreek\Bacterial blight","imag_003.jpg","fenugreek_bacterial_blight_0003.jpg","D:\farm-app\dataset\Fenugreek\Bacterial blight\imag_003.jpg","D:\farm-app\dataset\Fenugreek\Bacterial blight\fenugreek_bacterial_blight_0003.jpg"
"Fenugreek\Bacterial blight","imag_004.jpg","fenugreek_bacterial_blight_0004.jpg","D:\farm-app\dataset\Fenugreek\Bacterial blight\imag_004.jpg","D:\farm-app\dataset\Fenugreek\Bacterial blight\fenugreek_bacterial_blight_0004.jpg"
"Fenugreek\Bacterial blight","imag_005.jpg","fenugreek_bacterial_blight_0005.jpg","D:\farm-app\dataset\Fenugreek\Bacterial blight\imag_005.jpg","D:\farm-app\dataset\Fenugreek\Bacterial blight\fenugreek_bacterial_blight_0005.jpg"
"Fenugreek\Bacterial blight","imag_006.jpg","fenugreek_bacterial_blight_0006.jpg","D:\farm-app\dataset\Fenugreek\Bacterial blight\imag_006.jpg","D:\farm-app\dataset\Fenugreek\Bacterial blight\fenugreek_bacterial_blight_0006.jpg"
"Fenugreek\Bacterial blight","imag_007.jpg","fenugreek_bacterial_blight_0007.jpg","D:\farm-app\dataset\Fenugreek\Bacterial blight\imag_007.jpg","D:\farm-app\dataset\Fenugreek\Bacterial blight\fenugreek_bacterial_blight_0007.jpg"
"Fenugreek\Bacterial blight","imag_008.jpg","fenugreek_bacterial_blight_0008.jpg","D:\farm-app\dataset\Fenugreek\Bacterial blight\imag_008.jpg","D:\farm-app\dataset\Fenugreek\Bacterial blight\fenugreek_bacterial_blight_0008.jpg"
"Fenugreek\Bacterial blight","imag_009.jpg","fenugreek_bacterial_blight_0009.jpg","D:\farm-app\dataset\Fenugreek\Bacterial blight\imag_009.jpg","D:\farm-app\dataset\Fenugreek\Bacterial blight\fenugreek_bacterial_blight_0009.jpg"
"Fenugreek\Bacterial blight","imag_010.jpg","fenugreek_bacterial_blight_0010.jpg","D:\farm-app\dataset\Fenugreek\Bacterial blight\imag_010.jpg","D:\farm-app\dataset\Fenugreek\Bacterial blight\fenugreek_bacterial_blight_0010.jpg"
"Fenugreek\Bacterial blight","imag_011.jpg","fenugreek_bacterial_blight_0011.jpg","D:\farm-app\dataset\Fenugreek\Bacterial blight\imag_011.jpg","D:\farm-app\dataset\Fenugreek\Bacterial blight\fenugreek_bacterial_blight_0011.jpg"
"Fenugreek\Bacterial blight","imag_012.jpg","fenugreek_bacterial_blight_0012.jpg","D:\farm-app\dataset\Fenugreek\Bacterial blight\imag_012.jpg","D:\farm-app\dataset\Fenugreek\Bacterial blight\fenugreek_bacterial_blight_0012.jpg"
"Fenugreek\Bacterial blight","imag_013.jpg","fenugreek_bacterial_blight_0013.jpg","D:\farm-app\dataset\Fenugreek\Bacterial blight\imag_013.jpg","D:\farm-app\dataset\Fenugreek\Bacterial blight\fenugreek_bacterial_blight_0013.jpg"
"Fenugreek\Bacterial blight","imag_014.jpg","fenugreek_bacterial_blight_0014.jpg","D:\farm-app\dataset\Fenugreek\Bacterial blight\imag_014.jpg","D:\farm-app\dataset\Fenugreek\Bacterial blight\fenugreek_bacterial_blight_0014.jpg"
"Fenugreek\Bacterial blight","imag_015.jpg","fenugreek_bacterial_blight_0015.jpg","D:\farm-app\dataset\Fenugreek\Bacterial blight\imag_015.jpg","D:\farm-app\dataset\Fenugreek\Bacterial blight\fenugreek_bacterial_blight_0015.jpg"
"Fenugreek\Bacterial blight","imag_016.jpg","fenugreek_bacterial_blight_0016.jpg","D:\farm-app\dataset\Fenugreek\Bacterial blight\imag_016.jpg","D:\farm-app\dataset\Fenugreek\Bacterial blight\fenugreek_bacterial_blight_0016.jpg"
"Fenugreek\Bacterial blight","imag_017.jpg","fenugreek_bacterial_blight_0017.jpg","D:\farm-app\dataset\Fenugreek\Bacterial blight\imag_017.jpg","D:\farm-app\dataset\Fenugreek\Bacterial blight\fenugreek_bacterial_blight_0017.jpg"
"Fenugreek\Bacterial blight","imag_018.jpg","fenugreek_bacterial_blight_0018.jpg","D:\farm-app\dataset\Fenugreek\Bacterial blight\imag_018.jpg","D:\farm-app\dataset\Fenugreek\Bacterial blight\fenugreek_bacterial_blight_0018.jpg"
"Fenugreek\Bacterial blight","imag_019.jpg","fenugreek_bacterial_blight_0019.jpg","D:\farm-app\dataset\Fenugreek\Bacterial blight\imag_019.jpg","D:\farm-app\dataset\Fenugreek\Bacterial blight\fenugreek_bacterial_blight_0019.jpg"
"Fenugreek\Bacterial blight","imag_020.jpg","fenugreek_bacterial_blight_0020.jpg","D:\farm-app\dataset\Fenugreek\Bacterial blight\imag_020.jpg","D:\farm-app\dataset\Fenugreek\Bacterial blight\fenugreek_bacterial_blight_0020.jpg"
"Fenugreek\Bacterial blight","imag_021.jpg","fenugreek_bacterial_blight_0021.jpg","D:\farm-app\dataset\Fenugreek\Bacterial blight\imag_021.jpg","D:\farm-app\dataset\Fenugreek\Bacterial blight\fenugreek_bacterial_blight_0021.jpg"
"Fenugreek\Bacterial blight","imag_022.jpg","fenugreek_bacterial_blight_0022.jpg","D:\farm-app\dataset\Fenugreek\Bacterial blight\imag_022.jpg","D:\farm-app\dataset\Fenugreek\Bacterial blight\fenugreek_bacterial_blight_0022.jpg"
"Fenugreek\Bacterial blight","imag_023.jpg","fenugreek_bacterial_blight_0023.jpg","D:\farm-app\dataset\Fenugreek\Bacterial blight\imag_023.jpg","D:\farm-app\dataset\Fenugreek\Bacterial blight\fenugreek_bacterial_blight_0023.jpg"
"Fenugreek\Bacterial blight","imag_024.jpg","fenugreek_bacterial_blight_0024.jpg","D:\farm-app\dataset\Fenugreek\Bacterial blight\imag_024.jpg","D:\farm-app\dataset\Fenugreek\Bacterial blight\fenugreek_bacterial_blight_0024.jpg"
"Fenugreek\Bacterial blight","imag_025.jpg","fenugreek_bacterial_blight_0025.jpg","D:\farm-app\dataset\Fenugreek\Bacterial blight\imag_025.jpg","D:\farm-app\dataset\Fenugreek\Bacterial blight\fenugreek_bacterial_blight_0025.jpg"
"Fenugreek\Bacterial blight","imag_026.jpg","fenugreek_bacterial_blight_0026.jpg","D:\farm-app\dataset\Fenugreek\Bacterial blight\imag_026.jpg","D:\farm-app\dataset\Fenugreek\Bacterial blight\fenugreek_bacterial_blight_0026.jpg"
"Fenugreek\Bacterial blight","imag_027.jpg","fenugreek_bacterial_blight_0027.jpg","D:\farm-app\dataset\Fenugreek\Bacterial blight\imag_027.jpg","D:\farm-app\dataset\Fenugreek\Bacterial blight\fenugreek_bacterial_blight_0027.jpg"
"Fenugreek\Bacterial blight","imag_028.jpg","fenugreek_bacterial_blight_0028.jpg","D:\farm-app\dataset\Fenugreek\Bacterial blight\imag_028.jpg","D:\farm-app\dataset\Fenugreek\Bacterial blight\fenugreek_bacterial_blight_0028.jpg"
"Fenugreek\Bacterial blight","imag_029.jpg","fenugreek_bacterial_blight_0029.jpg","D:\farm-app\dataset\Fenugreek\Bacterial blight\imag_029.jpg","D:\farm-app\dataset\Fenugreek\Bacterial blight\fenugreek_bacterial_blight_0029.jpg"
"Fenugreek\Bacterial blight","imag_030.jpg","fenugreek_bacterial_blight_0030.jpg","D:\farm-app\dataset\Fenugreek\Bacterial blight\imag_030.jpg","D:\farm-app\dataset\Fenugreek\Bacterial blight\fenugreek_bacterial_blight_0030.jpg"
"Fenugreek\Bacterial blight","imag_031.jpg","fenugreek_bacterial_blight_0031.jpg","D:\farm-app\dataset\Fenugreek\Bacterial blight\imag_031.jpg","D:\farm-app\dataset\Fenugreek\Bacterial blight\fenugreek_bacterial_blight_0031.jpg"
"Fenugreek\Bacterial blight","imag_032.jpg","fenugreek_bacterial_blight_0032.jpg","D:\farm-app\dataset\Fenugreek\Bacterial blight\imag_032.jpg","D:\farm-app\dataset\Fenugreek\Bacterial blight\fenugreek_bacterial_blight_0032.jpg"
"Fenugreek\Bacterial blight","imag_033.jpg","fenugreek_bacterial_blight_0033.jpg","D:\farm-app\dataset\Fenugreek\Bacterial blight\imag_033.jpg","D:\farm-app\dataset\Fenugreek\Bacterial blight\fenugreek_bacterial_blight_0033.jpg"
"Fenugreek\Bacterial blight","imag_034.jpg","fenugreek_bacterial_blight_0034.jpg","D:\farm-app\dataset\Fenugreek\Bacterial blight\imag_034.jpg","D:\farm-app\dataset\Fenugreek\Bacterial blight\fenugreek_bacterial_blight_0034.jpg"
"Fenugreek\Bacterial blight","imag_035.jpg","fenugreek_bacterial_blight_0035.jpg","D:\farm-app\dataset\Fenugreek\Bacterial blight\imag_035.jpg","D:\farm-app\dataset\Fenugreek\Bacterial blight\fenugreek_bacterial_blight_0035.jpg"
"Fenugreek\Bacterial blight","imag_036.jpg","fenugreek_bacterial_blight_0036.jpg","D:\farm-app\dataset\Fenugreek\Bacterial blight\imag_036.jpg","D:\farm-app\dataset\Fenugreek\Bacterial blight\fenugreek_bacterial_blight_0036.jpg"
"Fenugreek\Bacterial blight","imag_037.jpg","fenugreek_bacterial_blight_0037.jpg","D:\farm-app\dataset\Fenugreek\Bacterial blight\imag_037.jpg","D:\farm-app\dataset\Fenugreek\Bacterial blight\fenugreek_bacterial_blight_0037.jpg"
"Fenugreek\Bacterial blight","imag_038.jpg","fenugreek_bacterial_blight_0038.jpg","D:\farm-app\dataset\Fenugreek\Bacterial blight\imag_038.jpg","D:\farm-app\dataset\Fenugreek\Bacterial blight\fenugreek_bacterial_blight_0038.jpg"
"Fenugreek\Bacterial blight","imag_039.jpg","fenugreek_bacterial_blight_0039.jpg","D:\farm-app\dataset\Fenugreek\Bacterial blight\imag_039.jpg","D:\farm-app\dataset\Fenugreek\Bacterial blight\fenugreek_bacterial_blight_0039.jpg"
"Fenugreek\Bacterial blight","imag_040.jpg","fenugreek_bacterial_blight_0040.jpg","D:\farm-app\dataset\Fenugreek\Bacterial blight\imag_040.jpg","D:\farm-app\dataset\Fenugreek\Bacterial blight\fenugreek_bacterial_blight_0040.jpg"
"Fenugreek\Bacterial blight","imag_041.jpg","fenugreek_bacterial_blight_0041.jpg","D:\farm-app\dataset\Fenugreek\Bacterial blight\imag_041.jpg","D:\farm-app\dataset\Fenugreek\Bacterial blight\fenugreek_bacterial_blight_0041.jpg"
"Fenugreek\Bacterial blight","imag_042.jpg","fenugreek_bacterial_blight_0042.jpg","D:\farm-app\dataset\Fenugreek\Bacterial blight\imag_042.jpg","D:\farm-app\dataset\Fenugreek\Bacterial blight\fenugreek_bacterial_blight_0042.jpg"
"Fenugreek\Bacterial blight","imag_043.jpg","fenugreek_bacterial_blight_0043.jpg","D:\farm-app\dataset\Fenugreek\Bacterial blight\imag_043.jpg","D:\farm-app\dataset\Fenugreek\Bacterial blight\fenugreek_bacterial_blight_0043.jpg"
"Fenugreek\Bacterial blight","imag_044.jpg","fenugreek_bacterial_blight_0044.jpg","D:\farm-app\dataset\Fenugreek\Bacterial blight\imag_044.jpg","D:\farm-app\dataset\Fenugreek\Bacterial blight\fenugreek_bacterial_blight_0044.jpg"
"Fenugreek\Bacterial blight","imag_045.jpg","fenugreek_bacterial_blight_0045.jpg","D:\farm-app\dataset\Fenugreek\Bacterial blight\imag_045.jpg","D:\farm-app\dataset\Fenugreek\Bacterial blight\fenugreek_bacterial_blight_0045.jpg"
"Fenugreek\Bacterial blight","imag_046.jpg","fenugreek_bacterial_blight_0046.jpg","D:\farm-app\dataset\Fenugreek\Bacterial blight\imag_046.jpg","D:\farm-app\dataset\Fenugreek\Bacterial blight\fenugreek_bacterial_blight_0046.jpg"
"Fenugreek\Bacterial blight","imag_047.jpg","fenugreek_bacterial_blight_0047.jpg","D:\farm-app\dataset\Fenugreek\Bacterial blight\imag_047.jpg","D:\farm-app\dataset\Fenugreek\Bacterial blight\fenugreek_bacterial_blight_0047.jpg"
"Fenugreek\Bacterial blight","imag_048.jpg","fenugreek_bacterial_blight_0048.jpg","D:\farm-app\dataset\Fenugreek\Bacterial blight\imag_048.jpg","D:\farm-app\dataset\Fenugreek\Bacterial blight\fenugreek_bacterial_blight_0048.jpg"
"Fenugreek\Bacterial blight","imag_049.jpg","fenugreek_bacterial_blight_0049.jpg","D:\farm-app\dataset\Fenugreek\Bacterial blight\imag_049.jpg","D:\farm-app\dataset\Fenugreek\Bacterial blight\fenugreek_bacterial_blight_0049.jpg"
"Fenugreek\Bacterial blight","imag_050.jpg","fenugreek_bacterial_blight_0050.jpg","D:\farm-app\dataset\Fenugreek\Bacterial blight\imag_050.jpg","D:\farm-app\dataset\Fenugreek\Bacterial blight\fenugreek_bacterial_blight_0050.jpg"
"Fenugreek\Bacterial blight","imag_051.jpg","fenugreek_bacterial_blight_0051.jpg","D:\farm-app\dataset\Fenugreek\Bacterial blight\imag_051.jpg","D:\farm-app\dataset\Fenugreek\Bacterial blight\fenugreek_bacterial_blight_0051.jpg"
"Fenugreek\Bacterial blight","imag_052.jpg","fenugreek_bacterial_blight_0052.jpg","D:\farm-app\dataset\Fenugreek\Bacterial blight\imag_052.jpg","D:\farm-app\dataset\Fenugreek\Bacterial blight\fenugreek_bacterial_blight_0052.jpg"
"Fenugreek\Bacterial blight","imag_053.jpg","fenugreek_bacterial_blight_0053.jpg","D:\farm-app\dataset\Fenugreek\Bacterial blight\imag_053.jpg","D:\farm-app\dataset\Fenugreek\Bacterial blight\fenugreek_bacterial_blight_0053.jpg"
"Fenugreek\Bacterial blight","imag_054.jpg","fenugreek_bacterial_blight_0054.jpg","D:\farm-app\dataset\Fenugreek\Bacterial blight\imag_054.jpg","D:\farm-app\dataset\Fenugreek\Bacterial blight\fenugreek_bacterial_blight_0054.jpg"
"Fenugreek\Bacterial blight","imag_055.jpg","fenugreek_bacterial_blight_0055.jpg","D:\farm-app\dataset\Fenugreek\Bacterial blight\imag_055.jpg","D:\farm-app\dataset\Fenugreek\Bacterial blight\fenugreek_bacterial_blight_0055.jpg"
"Fenugreek\Bacterial blight","imag_056.jpg","fenugreek_bacterial_blight_0056.jpg","D:\farm-app\dataset\Fenugreek\Bacterial blight\imag_056.jpg","D:\farm-app\dataset\Fenugreek\Bacterial blight\fenugreek_bacterial_blight_0056.jpg"
"Fenugreek\Bacterial blight","imag_057.jpg","fenugreek_bacterial_blight_0057.jpg","D:\farm-app\dataset\Fenugreek\Bacterial blight\imag_057.jpg","D:\farm-app\dataset\Fenugreek\Bacterial blight\fenugreek_bacterial_blight_0057.jpg"
"Fenugreek\Bacterial blight","imag_058.jpg","fenugreek_bacterial_blight_0058.jpg","D:\farm-app\dataset\Fenugreek\Bacterial blight\imag_058.jpg","D:\farm-app\dataset\Fenugreek\Bacterial blight\fenugreek_bacterial_blight_0058.jpg"
"Fenugreek\Bacterial blight","imag_059.jpg","fenugreek_bacterial_blight_0059.jpg","D:\farm-app\dataset\Fenugreek\Bacterial blight\imag_059.jpg","D:\farm-app\dataset\Fenugreek\Bacterial blight\fenugreek_bacterial_blight_0059.jpg"
"Fenugreek\Bacterial blight","imag_060.jpg","fenugreek_bacterial_blight_0060.jpg","D:\farm-app\dataset\Fenugreek\Bacterial blight\imag_060.jpg","D:\farm-app\dataset\Fenugreek\Bacterial blight\fenugreek_bacterial_blight_0060.jpg"
"Fenugreek\Bacterial blight","imag_061.jpg","fenugreek_bacterial_blight_0061.jpg","D:\farm-app\dataset\Fenugreek\Bacterial blight\imag_061.jpg","D:\farm-app\dataset\Fenugreek\Bacterial blight\fenugreek_bacterial_blight_0061.jpg"
"Fenugreek\Bacterial blight","imag_062.jpg","fenugreek_bacterial_blight_0062.jpg","D:\farm-app\dataset\Fenugreek\Bacterial blight\imag_062.jpg","D:\farm-app\dataset\Fenugreek\Bacterial blight\fenugreek_bacterial_blight_0062.jpg"
"Fenugreek\Bacterial blight","imag_063.jpg","fenugreek_bacterial_blight_0063.jpg","D:\farm-app\dataset\Fenugreek\Bacterial blight\imag_063.jpg","D:\farm-app\dataset\Fenugreek\Bacterial blight\fenugreek_bacterial_blight_0063.jpg"
"Fenugreek\Bacterial blight","imag_064.jpg","fenugreek_bacterial_blight_0064.jpg","D:\farm-app\dataset\Fenugreek\Bacterial blight\imag_064.jpg","D:\farm-app\dataset\Fenugreek\Bacterial blight\fenugreek_bacterial_blight_0064.jpg"
"Fenugreek\Bacterial blight","imag_065.jpg","fenugreek_bacterial_blight_0065.jpg","D:\farm-app\dataset\Fenugreek\Bacterial blight\imag_065.jpg","D:\farm-app\dataset\Fenugreek\Bacterial blight\fenugreek_bacterial_blight_0065.jpg"
"Fenugreek\Bacterial blight","imag_066.jpg","fenugreek_bacterial_blight_0066.jpg","D:\farm-app\dataset\Fenugreek\Bacterial blight\imag_066.jpg","D:\farm-app\dataset\Fenugreek\Bacterial blight\fenugreek_bacterial_blight_0066.jpg"
"Fenugreek\Bacterial blight","imag_067.jpg","fenugreek_bacterial_blight_0067.jpg","D:\farm-app\dataset\Fenugreek\Bacterial blight\imag_067.jpg","D:\farm-app\dataset\Fenugreek\Bacterial blight\fenugreek_bacterial_blight_0067.jpg"
"Fenugreek\Bacterial blight","imag_068.jpg","fenugreek_bacterial_blight_0068.jpg","D:\farm-app\dataset\Fenugreek\Bacterial blight\imag_068.jpg","D:\farm-app\dataset\Fenugreek\Bacterial blight\fenugreek_bacterial_blight_0068.jpg"
"Fenugreek\Bacterial blight","imag_069.jpg","fenugreek_bacterial_blight_0069.jpg","D:\farm-app\dataset\Fenugreek\Bacterial blight\imag_069.jpg","D:\farm-app\dataset\Fenugreek\Bacterial blight\fenugreek_bacterial_blight_0069.jpg"
"Fenugreek\Bacterial blight","imag_070.jpg","fenugreek_bacterial_blight_0070.jpg","D:\farm-app\dataset\Fenugreek\Bacterial blight\imag_070.jpg","D:\farm-app\dataset\Fenugreek\Bacterial blight\fenugreek_bacterial_blight_0070.jpg"
"Fenugreek\Bacterial blight","imag_071.jpg","fenugreek_bacterial_blight_0071.jpg","D:\farm-app\dataset\Fenugreek\Bacterial blight\imag_071.jpg","D:\farm-app\dataset\Fenugreek\Bacterial blight\fenugreek_bacterial_blight_0071.jpg"
"Fenugreek\Bacterial blight","imag_072.jpg","fenugreek_bacterial_blight_0072.jpg","D:\farm-app\dataset\Fenugreek\Bacterial blight\imag_072.jpg","D:\farm-app\dataset\Fenugreek\Bacterial blight\fenugreek_bacterial_blight_0072.jpg"
"Fenugreek\Bacterial blight","imag_073.jpg","fenugreek_bacterial_blight_0073.jpg","D:\farm-app\dataset\Fenugreek\Bacterial blight\imag_073.jpg","D:\farm-app\dataset\Fenugreek\Bacterial blight\fenugreek_bacterial_blight_0073.jpg"
"Fenugreek\Bacterial blight","imag_074.jpg","fenugreek_bacterial_blight_0074.jpg","D:\farm-app\dataset\Fenugreek\Bacterial blight\imag_074.jpg","D:\farm-app\dataset\Fenugreek\Bacterial blight\fenugreek_bacterial_blight_0074.jpg"
"Fenugreek\Bacterial blight","imag_075.jpg","fenugreek_bacterial_blight_0075.jpg","D:\farm-app\dataset\Fenugreek\Bacterial blight\imag_075.jpg","D:\farm-app\dataset\Fenugreek\Bacterial blight\fenugreek_bacterial_blight_0075.jpg"
"Fenugreek\Bacterial blight","imag_076.jpg","fenugreek_bacterial_blight_0076.jpg","D:\farm-app\dataset\Fenugreek\Bacterial blight\imag_076.jpg","D:\farm-app\dataset\Fenugreek\Bacterial blight\fenugreek_bacterial_blight_0076.jpg"
"Fenugreek\Bacterial blight","imag_077.jpg","fenugreek_bacterial_blight_0077.jpg","D:\farm-app\dataset\Fenugreek\Bacterial blight\imag_077.jpg","D:\farm-app\dataset\Fenugreek\Bacterial blight\fenugreek_bacterial_blight_0077.jpg"
"Fenugreek\Bacterial blight","imag_078.jpg","fenugreek_bacterial_blight_0078.jpg","D:\farm-app\dataset\Fenugreek\Bacterial blight\imag_078.jpg","D:\farm-app\dataset\Fenugreek\Bacterial blight\fenugreek_bacterial_blight_0078.jpg"
"Fenugreek\Bacterial blight","imag_079.jpg","fenugreek_bacterial_blight_0079.jpg","D:\farm-app\dataset\Fenugreek\Bacterial blight\imag_079.jpg","D:\farm-app\dataset\Fenugreek\Bacterial blight\fenugreek_bacterial_blight_0079.jpg"
"Fenugreek\Bacterial blight","imag_080.jpg","fenugreek_bacterial_blight_0080.jpg","D:\farm-app\dataset\Fenugreek\Bacterial blight\imag_080.jpg","D:\farm-app\dataset\Fenugreek\Bacterial blight\fenugreek_bacterial_blight_0080.jpg"
"Fenugreek\Bacterial blight","imag_081.jpg","fenugreek_bacterial_blight_0081.jpg","D:\farm-app\dataset\Fenugreek\Bacterial blight\imag_081.jpg","D:\farm-app\dataset\Fenugreek\Bacterial blight\fenugreek_bacterial_blight_0081.jpg"
"Fenugreek\Bacterial blight","imag_082.jpg","fenugreek_bacterial_blight_0082.jpg","D:\farm-app\dataset\Fenugreek\Bacterial blight\imag_082.jpg","D:\farm-app\dataset\Fenugreek\Bacterial blight\fenugreek_bacterial_blight_0082.jpg"
"Fenugreek\Bacterial blight","imag_083.jpg","fenugreek_bacterial_blight_0083.jpg","D:\farm-app\dataset\Fenugreek\Bacterial blight\imag_083.jpg","D:\farm-app\dataset\Fenugreek\Bacterial blight\fenugreek_bacterial_blight_0083.jpg"
"Fenugreek\Bacterial blight","imag_084.jpg","fenugreek_bacterial_blight_0084.jpg","D:\farm-app\dataset\Fenugreek\Bacterial blight\imag_084.jpg","D:\farm-app\dataset\Fenugreek\Bacterial blight\fenugreek_bacterial_blight_0084.jpg"
"Fenugreek\Bacterial blight","imag_085.jpg","fenugreek_bacterial_blight_0085.jpg","D:\farm-app\dataset\Fenugreek\Bacterial blight\imag_085.jpg","D:\farm-app\dataset\Fenugreek\Bacterial blight\fenugreek_bacterial_blight_0085.jpg"
"Fenugreek\Bacterial blight","imag_086.jpg","fenugreek_bacterial_blight_0086.jpg","D:\farm-app\dataset\Fenugreek\Bacterial blight\imag_086.jpg","D:\farm-app\dataset\Fenugreek\Bacterial blight\fenugreek_bacterial_blight_0086.jpg"
"Fenugreek\Bacterial blight","imag_087.jpg","fenugreek_bacterial_blight_0087.jpg","D:\farm-app\dataset\Fenugreek\Bacterial blight\imag_087.jpg","D:\farm-app\dataset\Fenugreek\Bacterial blight\fenugreek_bacterial_blight_0087.jpg"
"Fenugreek\Bacterial blight","imag_088.jpg","fenugreek_bacterial_blight_0088.jpg","D:\farm-app\dataset\Fenugreek\Bacterial blight\imag_088.jpg","D:\farm-app\dataset\Fenugreek\Bacterial blight\fenugreek_bacterial_blight_0088.jpg"
"Fenugreek\Bacterial blight","imag_089.jpg","fenugreek_bacterial_blight_0089.jpg","D:\farm-app\dataset\Fenugreek\Bacterial blight\imag_089.jpg","D:\farm-app\dataset\Fenugreek\Bacterial blight\fenugreek_bacterial_blight_0089.jpg"
"Fenugreek\Bacterial blight","imag_090.jpg","fenugreek_bacterial_blight_0090.jpg","D:\farm-app\dataset\Fenugreek\Bacterial blight\imag_090.jpg","D:\farm-app\dataset\Fenugreek\Bacterial blight\fenugreek_bacterial_blight_0090.jpg"
"Fenugreek\Bacterial blight","imag_091.jpg","fenugreek_bacterial_blight_0091.jpg","D:\farm-app\dataset\Fenugreek\Bacterial blight\imag_091.jpg","D:\farm-app\dataset\Fenugreek\Bacterial blight\fenugreek_bacterial_blight_0091.jpg"
"Fenugreek\Bacterial blight","imag_092.jpg","fenugreek_bacterial_blight_0092.jpg","D:\farm-app\dataset\Fenugreek\Bacterial blight\imag_092.jpg","D:\farm-app\dataset\Fenugreek\Bacterial blight\fenugreek_bacterial_blight_0092.jpg"
"Fenugreek\Bacterial blight","imag_093.jpg","fenugreek_bacterial_blight_0093.jpg","D:\farm-app\dataset\Fenugreek\Bacterial blight\imag_093.jpg","D:\farm-app\dataset\Fenugreek\Bacterial blight\fenugreek_bacterial_blight_0093.jpg"
"Fenugreek\Bacterial blight","imag_094.jpg","fenugreek_bacterial_blight_0094.jpg","D:\farm-app\dataset\Fenugreek\Bacterial blight\imag_094.jpg","D:\farm-app\dataset\Fenugreek\Bacterial blight\fenugreek_bacterial_blight_0094.jpg"
"Fenugreek\Bacterial blight","imag_095.jpg","fenugreek_bacterial_blight_0095.jpg","D:\farm-app\dataset\Fenugreek\Bacterial blight\imag_095.jpg","D:\farm-app\dataset\Fenugreek\Bacterial blight\fenugreek_bacterial_blight_0095.jpg"
"Fenugreek\Bacterial blight","imag_096.jpg","fenugreek_bacterial_blight_0096.jpg","D:\farm-app\dataset\Fenugreek\Bacterial blight\imag_096.jpg","D:\farm-app\dataset\Fenugreek\Bacterial blight\fenugreek_bacterial_blight_0096.jpg"
"Fenugreek\Bacterial blight","imag_097.jpg","fenugreek_bacterial_blight_0097.jpg","D:\farm-app\dataset\Fenugreek\Bacterial blight\imag_097.jpg","D:\farm-app\dataset\Fenugreek\Bacterial blight\fenugreek_bacterial_blight_0097.jpg"
"Fenugreek\Bacterial blight","imag_098.jpg","fenugreek_bacterial_blight_0098.jpg","D:\farm-app\dataset\Fenugreek\Bacterial blight\imag_098.jpg","D:\farm-app\dataset\Fenugreek\Bacterial blight\fenugreek_bacterial_blight_0098.jpg"
"Fenugreek\Bacterial blight","imag_099.jpg","fenugreek_bacterial_blight_0099.jpg","D:\farm-app\dataset\Fenugreek\Bacterial blight\imag_099.jpg","D:\farm-app\dataset\Fenugreek\Bacterial blight\fenugreek_bacterial_blight_0099.jpg"
"Fenugreek\Bacterial blight","imag_100.jpg","fenugreek_bacterial_blight_0100.jpg","D:\farm-app\dataset\Fenugreek\Bacterial blight\imag_100.jpg","D:\farm-app\dataset\Fenugreek\Bacterial blight\fenugreek_bacterial_blight_0100.jpg"
"Fenugreek\Cercospora leaf spot","imag_001.jpg","fenugreek_cercospora_leaf_spot_0001.jpg","D:\farm-app\dataset\Fenugreek\Cercospora leaf spot\imag_001.jpg","D:\farm-app\dataset\Fenugreek\Cercospora leaf spot\fenugreek_cercospora_leaf_spot_0001.jpg"
"Fenugreek\Cercospora leaf spot","imag_002.jpg","fenugreek_cercospora_leaf_spot_0002.jpg","D:\farm-app\dataset\Fenugreek\Cercospora leaf spot\imag_002.jpg","D:\farm-app\dataset\Fenugreek\Cercospora leaf spot\fenugreek_cercospora_leaf_spot_0002.jpg"
"Fenugreek\Cercospora leaf spot","imag_003.jpg","fenugreek_cercospora_leaf_spot_0003.jpg","D:\farm-app\dataset\Fenugreek\Cercospora leaf spot\imag_003.jpg","D:\farm-app\dataset\Fenugreek\Cercospora leaf spot\fenugreek_cercospora_leaf_spot_0003.jpg"
"Fenugreek\Cercospora leaf spot","imag_004.jpg","fenugreek_cercospora_leaf_spot_0004.jpg","D:\farm-app\dataset\Fenugreek\Cercospora leaf spot\imag_004.jpg","D:\farm-app\dataset\Fenugreek\Cercospora leaf spot\fenugreek_cercospora_leaf_spot_0004.jpg"
"Fenugreek\Cercospora leaf spot","imag_005.jpg","fenugreek_cercospora_leaf_spot_0005.jpg","D:\farm-app\dataset\Fenugreek\Cercospora leaf spot\imag_005.jpg","D:\farm-app\dataset\Fenugreek\Cercospora leaf spot\fenugreek_cercospora_leaf_spot_0005.jpg"
"Fenugreek\Cercospora leaf spot","imag_006.jpg","fenugreek_cercospora_leaf_spot_0006.jpg","D:\farm-app\dataset\Fenugreek\Cercospora leaf spot\imag_006.jpg","D:\farm-app\dataset\Fenugreek\Cercospora leaf spot\fenugreek_cercospora_leaf_spot_0006.jpg"
"Fenugreek\Cercospora leaf spot","imag_007.jpg","fenugreek_cercospora_leaf_spot_0007.jpg","D:\farm-app\dataset\Fenugreek\Cercospora leaf spot\imag_007.jpg","D:\farm-app\dataset\Fenugreek\Cercospora leaf spot\fenugreek_cercospora_leaf_spot_0007.jpg"
"Fenugreek\Cercospora leaf spot","imag_008.jpg","fenugreek_cercospora_leaf_spot_0008.jpg","D:\farm-app\dataset\Fenugreek\Cercospora leaf spot\imag_008.jpg","D:\farm-app\dataset\Fenugreek\Cercospora leaf spot\fenugreek_cercospora_leaf_spot_0008.jpg"
"Fenugreek\Cercospora leaf spot","imag_009.jpg","fenugreek_cercospora_leaf_spot_0009.jpg","D:\farm-app\dataset\Fenugreek\Cercospora leaf spot\imag_009.jpg","D:\farm-app\dataset\Fenugreek\Cercospora leaf spot\fenugreek_cercospora_leaf_spot_0009.jpg"
"Fenugreek\Cercospora leaf spot","imag_010.jpg","fenugreek_cercospora_leaf_spot_0010.jpg","D:\farm-app\dataset\Fenugreek\Cercospora leaf spot\imag_010.jpg","D:\farm-app\dataset\Fenugreek\Cercospora leaf spot\fenugreek_cercospora_leaf_spot_0010.jpg"
"Fenugreek\Cercospora leaf spot","imag_011.jpg","fenugreek_cercospora_leaf_spot_0011.jpg","D:\farm-app\dataset\Fenugreek\Cercospora leaf spot\imag_011.jpg","D:\farm-app\dataset\Fenugreek\Cercospora leaf spot\fenugreek_cercospora_leaf_spot_0011.jpg"
"Fenugreek\Cercospora leaf spot","imag_012.jpg","fenugreek_cercospora_leaf_spot_0012.jpg","D:\farm-app\dataset\Fenugreek\Cercospora leaf spot\imag_012.jpg","D:\farm-app\dataset\Fenugreek\Cercospora leaf spot\fenugreek_cercospora_leaf_spot_0012.jpg"
"Fenugreek\Cercospora leaf spot","imag_013.jpg","fenugreek_cercospora_leaf_spot_0013.jpg","D:\farm-app\dataset\Fenugreek\Cercospora leaf spot\imag_013.jpg","D:\farm-app\dataset\Fenugreek\Cercospora leaf spot\fenugreek_cercospora_leaf_spot_0013.jpg"
"Fenugreek\Cercospora leaf spot","imag_014.jpg","fenugreek_cercospora_leaf_spot_0014.jpg","D:\farm-app\dataset\Fenugreek\Cercospora leaf spot\imag_014.jpg","D:\farm-app\dataset\Fenugreek\Cercospora leaf spot\fenugreek_cercospora_leaf_spot_0014.jpg"
"Fenugreek\Cercospora leaf spot","imag_015.jpg","fenugreek_cercospora_leaf_spot_0015.jpg","D:\farm-app\dataset\Fenugreek\Cercospora leaf spot\imag_015.jpg","D:\farm-app\dataset\Fenugreek\Cercospora leaf spot\fenugreek_cercospora_leaf_spot_0015.jpg"
"Fenugreek\Cercospora leaf spot","imag_016.jpg","fenugreek_cercospora_leaf_spot_0016.jpg","D:\farm-app\dataset\Fenugreek\Cercospora leaf spot\imag_016.jpg","D:\farm-app\dataset\Fenugreek\Cercospora leaf spot\fenugreek_cercospora_leaf_spot_0016.jpg"
"Fenugreek\Cercospora leaf spot","imag_017.jpg","fenugreek_cercospora_leaf_spot_0017.jpg","D:\farm-app\dataset\Fenugreek\Cercospora leaf spot\imag_017.jpg","D:\farm-app\dataset\Fenugreek\Cercospora leaf spot\fenugreek_cercospora_leaf_spot_0017.jpg"
"Fenugreek\Cercospora leaf spot","imag_018.jpg","fenugreek_cercospora_leaf_spot_0018.jpg","D:\farm-app\dataset\Fenugreek\Cercospora leaf spot\imag_018.jpg","D:\farm-app\dataset\Fenugreek\Cercospora leaf spot\fenugreek_cercospora_leaf_spot_0018.jpg"
"Fenugreek\Cercospora leaf spot","imag_019.jpg","fenugreek_cercospora_leaf_spot_0019.jpg","D:\farm-app\dataset\Fenugreek\Cercospora leaf spot\imag_019.jpg","D:\farm-app\dataset\Fenugreek\Cercospora leaf spot\fenugreek_cercospora_leaf_spot_0019.jpg"
"Fenugreek\Cercospora leaf spot","imag_020.jpg","fenugreek_cercospora_leaf_spot_0020.jpg","D:\farm-app\dataset\Fenugreek\Cercospora leaf spot\imag_020.jpg","D:\farm-app\dataset\Fenugreek\Cercospora leaf spot\fenugreek_cercospora_leaf_spot_0020.jpg"
"Fenugreek\Cercospora leaf spot","imag_021.jpg","fenugreek_cercospora_leaf_spot_0021.jpg","D:\farm-app\dataset\Fenugreek\Cercospora leaf spot\imag_021.jpg","D:\farm-app\dataset\Fenugreek\Cercospora leaf spot\fenugreek_cercospora_leaf_spot_0021.jpg"
"Fenugreek\Cercospora leaf spot","imag_022.jpg","fenugreek_cercospora_leaf_spot_0022.jpg","D:\farm-app\dataset\Fenugreek\Cercospora leaf spot\imag_022.jpg","D:\farm-app\dataset\Fenugreek\Cercospora leaf spot\fenugreek_cercospora_leaf_spot_0022.jpg"
"Fenugreek\Cercospora leaf spot","imag_023.jpg","fenugreek_cercospora_leaf_spot_0023.jpg","D:\farm-app\dataset\Fenugreek\Cercospora leaf spot\imag_023.jpg","D:\farm-app\dataset\Fenugreek\Cercospora leaf spot\fenugreek_cercospora_leaf_spot_0023.jpg"
"Fenugreek\Cercospora leaf spot","imag_024.jpg","fenugreek_cercospora_leaf_spot_0024.jpg","D:\farm-app\dataset\Fenugreek\Cercospora leaf spot\imag_024.jpg","D:\farm-app\dataset\Fenugreek\Cercospora leaf spot\fenugreek_cercospora_leaf_spot_0024.jpg"
"Fenugreek\Cercospora leaf spot","imag_025.jpg","fenugreek_cercospora_leaf_spot_0025.jpg","D:\farm-app\dataset\Fenugreek\Cercospora leaf spot\imag_025.jpg","D:\farm-app\dataset\Fenugreek\Cercospora leaf spot\fenugreek_cercospora_leaf_spot_0025.jpg"
"Fenugreek\Cercospora leaf spot","imag_026.jpg","fenugreek_cercospora_leaf_spot_0026.jpg","D:\farm-app\dataset\Fenugreek\Cercospora leaf spot\imag_026.jpg","D:\farm-app\dataset\Fenugreek\Cercospora leaf spot\fenugreek_cercospora_leaf_spot_0026.jpg"
"Fenugreek\Cercospora leaf spot","imag_027.jpg","fenugreek_cercospora_leaf_spot_0027.jpg","D:\farm-app\dataset\Fenugreek\Cercospora leaf spot\imag_027.jpg","D:\farm-app\dataset\Fenugreek\Cercospora leaf spot\fenugreek_cercospora_leaf_spot_0027.jpg"
"Fenugreek\Cercospora leaf spot","imag_028.jpg","fenugreek_cercospora_leaf_spot_0028.jpg","D:\farm-app\dataset\Fenugreek\Cercospora leaf spot\imag_028.jpg","D:\farm-app\dataset\Fenugreek\Cercospora leaf spot\fenugreek_cercospora_leaf_spot_0028.jpg"
"Fenugreek\Cercospora leaf spot","imag_029.jpg","fenugreek_cercospora_leaf_spot_0029.jpg","D:\farm-app\dataset\Fenugreek\Cercospora leaf spot\imag_029.jpg","D:\farm-app\dataset\Fenugreek\Cercospora leaf spot\fenugreek_cercospora_leaf_spot_0029.jpg"
"Fenugreek\Cercospora leaf spot","imag_030.jpg","fenugreek_cercospora_leaf_spot_0030.jpg","D:\farm-app\dataset\Fenugreek\Cercospora leaf spot\imag_030.jpg","D:\farm-app\dataset\Fenugreek\Cercospora leaf spot\fenugreek_cercospora_leaf_spot_0030.jpg"
"Fenugreek\Cercospora leaf spot","imag_031.jpg","fenugreek_cercospora_leaf_spot_0031.jpg","D:\farm-app\dataset\Fenugreek\Cercospora leaf spot\imag_031.jpg","D:\farm-app\dataset\Fenugreek\Cercospora leaf spot\fenugreek_cercospora_leaf_spot_0031.jpg"
"Fenugreek\Cercospora leaf spot","imag_032.jpg","fenugreek_cercospora_leaf_spot_0032.jpg","D:\farm-app\dataset\Fenugreek\Cercospora leaf spot\imag_032.jpg","D:\farm-app\dataset\Fenugreek\Cercospora leaf spot\fenugreek_cercospora_leaf_spot_0032.jpg"
"Fenugreek\Cercospora leaf spot","imag_033.jpg","fenugreek_cercospora_leaf_spot_0033.jpg","D:\farm-app\dataset\Fenugreek\Cercospora leaf spot\imag_033.jpg","D:\farm-app\dataset\Fenugreek\Cercospora leaf spot\fenugreek_cercospora_leaf_spot_0033.jpg"
"Fenugreek\Cercospora leaf spot","imag_034.jpg","fenugreek_cercospora_leaf_spot_0034.jpg","D:\farm-app\dataset\Fenugreek\Cercospora leaf spot\imag_034.jpg","D:\farm-app\dataset\Fenugreek\Cercospora leaf spot\fenugreek_cercospora_leaf_spot_0034.jpg"
"Fenugreek\Cercospora leaf spot","imag_035.jpg","fenugreek_cercospora_leaf_spot_0035.jpg","D:\farm-app\dataset\Fenugreek\Cercospora leaf spot\imag_035.jpg","D:\farm-app\dataset\Fenugreek\Cercospora leaf spot\fenugreek_cercospora_leaf_spot_0035.jpg"
"Fenugreek\Cercospora leaf spot","imag_036.jpg","fenugreek_cercospora_leaf_spot_0036.jpg","D:\farm-app\dataset\Fenugreek\Cercospora leaf spot\imag_036.jpg","D:\farm-app\dataset\Fenugreek\Cercospora leaf spot\fenugreek_cercospora_leaf_spot_0036.jpg"
"Fenugreek\Cercospora leaf spot","imag_037.jpg","fenugreek_cercospora_leaf_spot_0037.jpg","D:\farm-app\dataset\Fenugreek\Cercospora leaf spot\imag_037.jpg","D:\farm-app\dataset\Fenugreek\Cercospora leaf spot\fenugreek_cercospora_leaf_spot_0037.jpg"
"Fenugreek\Cercospora leaf spot","imag_038.jpg","fenugreek_cercospora_leaf_spot_0038.jpg","D:\farm-app\dataset\Fenugreek\Cercospora leaf spot\imag_038.jpg","D:\farm-app\dataset\Fenugreek\Cercospora leaf spot\fenugreek_cercospora_leaf_spot_0038.jpg"
"Fenugreek\Cercospora leaf spot","imag_039.jpg","fenugreek_cercospora_leaf_spot_0039.jpg","D:\farm-app\dataset\Fenugreek\Cercospora leaf spot\imag_039.jpg","D:\farm-app\dataset\Fenugreek\Cercospora leaf spot\fenugreek_cercospora_leaf_spot_0039.jpg"
"Fenugreek\Cercospora leaf spot","imag_040.jpg","fenugreek_cercospora_leaf_spot_0040.jpg","D:\farm-app\dataset\Fenugreek\Cercospora leaf spot\imag_040.jpg","D:\farm-app\dataset\Fenugreek\Cercospora leaf spot\fenugreek_cercospora_leaf_spot_0040.jpg"
"Fenugreek\Cercospora leaf spot","imag_041.jpg","fenugreek_cercospora_leaf_spot_0041.jpg","D:\farm-app\dataset\Fenugreek\Cercospora leaf spot\imag_041.jpg","D:\farm-app\dataset\Fenugreek\Cercospora leaf spot\fenugreek_cercospora_leaf_spot_0041.jpg"
"Fenugreek\Cercospora leaf spot","imag_042.jpg","fenugreek_cercospora_leaf_spot_0042.jpg","D:\farm-app\dataset\Fenugreek\Cercospora leaf spot\imag_042.jpg","D:\farm-app\dataset\Fenugreek\Cercospora leaf spot\fenugreek_cercospora_leaf_spot_0042.jpg"
"Fenugreek\Cercospora leaf spot","imag_043.jpg","fenugreek_cercospora_leaf_spot_0043.jpg","D:\farm-app\dataset\Fenugreek\Cercospora leaf spot\imag_043.jpg","D:\farm-app\dataset\Fenugreek\Cercospora leaf spot\fenugreek_cercospora_leaf_spot_0043.jpg"
"Fenugreek\Cercospora leaf spot","imag_044.jpg","fenugreek_cercospora_leaf_spot_0044.jpg","D:\farm-app\dataset\Fenugreek\Cercospora leaf spot\imag_044.jpg","D:\farm-app\dataset\Fenugreek\Cercospora leaf spot\fenugreek_cercospora_leaf_spot_0044.jpg"
"Fenugreek\Cercospora leaf spot","imag_045.jpg","fenugreek_cercospora_leaf_spot_0045.jpg","D:\farm-app\dataset\Fenugreek\Cercospora leaf spot\imag_045.jpg","D:\farm-app\dataset\Fenugreek\Cercospora leaf spot\fenugreek_cercospora_leaf_spot_0045.jpg"
"Fenugreek\Cercospora leaf spot","imag_046.jpg","fenugreek_cercospora_leaf_spot_0046.jpg","D:\farm-app\dataset\Fenugreek\Cercospora leaf spot\imag_046.jpg","D:\farm-app\dataset\Fenugreek\Cercospora leaf spot\fenugreek_cercospora_leaf_spot_0046.jpg"
"Fenugreek\Cercospora leaf spot","imag_047.jpg","fenugreek_cercospora_leaf_spot_0047.jpg","D:\farm-app\dataset\Fenugreek\Cercospora leaf spot\imag_047.jpg","D:\farm-app\dataset\Fenugreek\Cercospora leaf spot\fenugreek_cercospora_leaf_spot_0047.jpg"
"Fenugreek\Cercospora leaf spot","imag_048.jpg","fenugreek_cercospora_leaf_spot_0048.jpg","D:\farm-app\dataset\Fenugreek\Cercospora leaf spot\imag_048.jpg","D:\farm-app\dataset\Fenugreek\Cercospora leaf spot\fenugreek_cercospora_leaf_spot_0048.jpg"
"Fenugreek\Cercospora leaf spot","imag_049.jpg","fenugreek_cercospora_leaf_spot_0049.jpg","D:\farm-app\dataset\Fenugreek\Cercospora leaf spot\imag_049.jpg","D:\farm-app\dataset\Fenugreek\Cercospora leaf spot\fenugreek_cercospora_leaf_spot_0049.jpg"
"Fenugreek\Cercospora leaf spot","imag_050.jpg","fenugreek_cercospora_leaf_spot_0050.jpg","D:\farm-app\dataset\Fenugreek\Cercospora leaf spot\imag_050.jpg","D:\farm-app\dataset\Fenugreek\Cercospora leaf spot\fenugreek_cercospora_leaf_spot_0050.jpg"
"Fenugreek\Cercospora leaf spot","imag_051.jpg","fenugreek_cercospora_leaf_spot_0051.jpg","D:\farm-app\dataset\Fenugreek\Cercospora leaf spot\imag_051.jpg","D:\farm-app\dataset\Fenugreek\Cercospora leaf spot\fenugreek_cercospora_leaf_spot_0051.jpg"
"Fenugreek\Cercospora leaf spot","imag_052.jpg","fenugreek_cercospora_leaf_spot_0052.jpg","D:\farm-app\dataset\Fenugreek\Cercospora leaf spot\imag_052.jpg","D:\farm-app\dataset\Fenugreek\Cercospora leaf spot\fenugreek_cercospora_leaf_spot_0052.jpg"
"Fenugreek\Cercospora leaf spot","imag_053.jpg","fenugreek_cercospora_leaf_spot_0053.jpg","D:\farm-app\dataset\Fenugreek\Cercospora leaf spot\imag_053.jpg","D:\farm-app\dataset\Fenugreek\Cercospora leaf spot\fenugreek_cercospora_leaf_spot_0053.jpg"
"Fenugreek\Cercospora leaf spot","imag_054.jpg","fenugreek_cercospora_leaf_spot_0054.jpg","D:\farm-app\dataset\Fenugreek\Cercospora leaf spot\imag_054.jpg","D:\farm-app\dataset\Fenugreek\Cercospora leaf spot\fenugreek_cercospora_leaf_spot_0054.jpg"
"Fenugreek\Cercospora leaf spot","imag_055.jpg","fenugreek_cercospora_leaf_spot_0055.jpg","D:\farm-app\dataset\Fenugreek\Cercospora leaf spot\imag_055.jpg","D:\farm-app\dataset\Fenugreek\Cercospora leaf spot\fenugreek_cercospora_leaf_spot_0055.jpg"
"Fenugreek\Cercospora leaf spot","imag_056.jpg","fenugreek_cercospora_leaf_spot_0056.jpg","D:\farm-app\dataset\Fenugreek\Cercospora leaf spot\imag_056.jpg","D:\farm-app\dataset\Fenugreek\Cercospora leaf spot\fenugreek_cercospora_leaf_spot_0056.jpg"
"Fenugreek\Cercospora leaf spot","imag_057.jpg","fenugreek_cercospora_leaf_spot_0057.jpg","D:\farm-app\dataset\Fenugreek\Cercospora leaf spot\imag_057.jpg","D:\farm-app\dataset\Fenugreek\Cercospora leaf spot\fenugreek_cercospora_leaf_spot_0057.jpg"
"Fenugreek\Cercospora leaf spot","imag_058.jpg","fenugreek_cercospora_leaf_spot_0058.jpg","D:\farm-app\dataset\Fenugreek\Cercospora leaf spot\imag_058.jpg","D:\farm-app\dataset\Fenugreek\Cercospora leaf spot\fenugreek_cercospora_leaf_spot_0058.jpg"
"Fenugreek\Cercospora leaf spot","imag_059.jpg","fenugreek_cercospora_leaf_spot_0059.jpg","D:\farm-app\dataset\Fenugreek\Cercospora leaf spot\imag_059.jpg","D:\farm-app\dataset\Fenugreek\Cercospora leaf spot\fenugreek_cercospora_leaf_spot_0059.jpg"
"Fenugreek\Cercospora leaf spot","imag_060.jpg","fenugreek_cercospora_leaf_spot_0060.jpg","D:\farm-app\dataset\Fenugreek\Cercospora leaf spot\imag_060.jpg","D:\farm-app\dataset\Fenugreek\Cercospora leaf spot\fenugreek_cercospora_leaf_spot_0060.jpg"
"Fenugreek\Cercospora leaf spot","imag_061.jpg","fenugreek_cercospora_leaf_spot_0061.jpg","D:\farm-app\dataset\Fenugreek\Cercospora leaf spot\imag_061.jpg","D:\farm-app\dataset\Fenugreek\Cercospora leaf spot\fenugreek_cercospora_leaf_spot_0061.jpg"
"Fenugreek\Cercospora leaf spot","imag_062.jpg","fenugreek_cercospora_leaf_spot_0062.jpg","D:\farm-app\dataset\Fenugreek\Cercospora leaf spot\imag_062.jpg","D:\farm-app\dataset\Fenugreek\Cercospora leaf spot\fenugreek_cercospora_leaf_spot_0062.jpg"
"Fenugreek\Cercospora leaf spot","imag_063.jpg","fenugreek_cercospora_leaf_spot_0063.jpg","D:\farm-app\dataset\Fenugreek\Cercospora leaf spot\imag_063.jpg","D:\farm-app\dataset\Fenugreek\Cercospora leaf spot\fenugreek_cercospora_leaf_spot_0063.jpg"
"Fenugreek\Cercospora leaf spot","imag_064.jpg","fenugreek_cercospora_leaf_spot_0064.jpg","D:\farm-app\dataset\Fenugreek\Cercospora leaf spot\imag_064.jpg","D:\farm-app\dataset\Fenugreek\Cercospora leaf spot\fenugreek_cercospora_leaf_spot_0064.jpg"
"Fenugreek\Cercospora leaf spot","imag_065.jpg","fenugreek_cercospora_leaf_spot_0065.jpg","D:\farm-app\dataset\Fenugreek\Cercospora leaf spot\imag_065.jpg","D:\farm-app\dataset\Fenugreek\Cercospora leaf spot\fenugreek_cercospora_leaf_spot_0065.jpg"
"Fenugreek\Cercospora leaf spot","imag_066.jpg","fenugreek_cercospora_leaf_spot_0066.jpg","D:\farm-app\dataset\Fenugreek\Cercospora leaf spot\imag_066.jpg","D:\farm-app\dataset\Fenugreek\Cercospora leaf spot\fenugreek_cercospora_leaf_spot_0066.jpg"
"Fenugreek\Cercospora leaf spot","imag_067.jpg","fenugreek_cercospora_leaf_spot_0067.jpg","D:\farm-app\dataset\Fenugreek\Cercospora leaf spot\imag_067.jpg","D:\farm-app\dataset\Fenugreek\Cercospora leaf spot\fenugreek_cercospora_leaf_spot_0067.jpg"
"Fenugreek\Cercospora leaf spot","imag_068.jpg","fenugreek_cercospora_leaf_spot_0068.jpg","D:\farm-app\dataset\Fenugreek\Cercospora leaf spot\imag_068.jpg","D:\farm-app\dataset\Fenugreek\Cercospora leaf spot\fenugreek_cercospora_leaf_spot_0068.jpg"
"Fenugreek\Cercospora leaf spot","imag_069.jpg","fenugreek_cercospora_leaf_spot_0069.jpg","D:\farm-app\dataset\Fenugreek\Cercospora leaf spot\imag_069.jpg","D:\farm-app\dataset\Fenugreek\Cercospora leaf spot\fenugreek_cercospora_leaf_spot_0069.jpg"
"Fenugreek\Cercospora leaf spot","imag_070.jpg","fenugreek_cercospora_leaf_spot_0070.jpg","D:\farm-app\dataset\Fenugreek\Cercospora leaf spot\imag_070.jpg","D:\farm-app\dataset\Fenugreek\Cercospora leaf spot\fenugreek_cercospora_leaf_spot_0070.jpg"
"Fenugreek\Cercospora leaf spot","imag_071.jpg","fenugreek_cercospora_leaf_spot_0071.jpg","D:\farm-app\dataset\Fenugreek\Cercospora leaf spot\imag_071.jpg","D:\farm-app\dataset\Fenugreek\Cercospora leaf spot\fenugreek_cercospora_leaf_spot_0071.jpg"
"Fenugreek\Cercospora leaf spot","imag_072.jpg","fenugreek_cercospora_leaf_spot_0072.jpg","D:\farm-app\dataset\Fenugreek\Cercospora leaf spot\imag_072.jpg","D:\farm-app\dataset\Fenugreek\Cercospora leaf spot\fenugreek_cercospora_leaf_spot_0072.jpg"
"Fenugreek\Cercospora leaf spot","imag_073.jpg","fenugreek_cercospora_leaf_spot_0073.jpg","D:\farm-app\dataset\Fenugreek\Cercospora leaf spot\imag_073.jpg","D:\farm-app\dataset\Fenugreek\Cercospora leaf spot\fenugreek_cercospora_leaf_spot_0073.jpg"
"Fenugreek\Cercospora leaf spot","imag_074.jpg","fenugreek_cercospora_leaf_spot_0074.jpg","D:\farm-app\dataset\Fenugreek\Cercospora leaf spot\imag_074.jpg","D:\farm-app\dataset\Fenugreek\Cercospora leaf spot\fenugreek_cercospora_leaf_spot_0074.jpg"
"Fenugreek\Cercospora leaf spot","imag_075.jpg","fenugreek_cercospora_leaf_spot_0075.jpg","D:\farm-app\dataset\Fenugreek\Cercospora leaf spot\imag_075.jpg","D:\farm-app\dataset\Fenugreek\Cercospora leaf spot\fenugreek_cercospora_leaf_spot_0075.jpg"
"Fenugreek\Cercospora leaf spot","imag_076.jpg","fenugreek_cercospora_leaf_spot_0076.jpg","D:\farm-app\dataset\Fenugreek\Cercospora leaf spot\imag_076.jpg","D:\farm-app\dataset\Fenugreek\Cercospora leaf spot\fenugreek_cercospora_leaf_spot_0076.jpg"
"Fenugreek\Cercospora leaf spot","imag_077.jpg","fenugreek_cercospora_leaf_spot_0077.jpg","D:\farm-app\dataset\Fenugreek\Cercospora leaf spot\imag_077.jpg","D:\farm-app\dataset\Fenugreek\Cercospora leaf spot\fenugreek_cercospora_leaf_spot_0077.jpg"
"Fenugreek\Cercospora leaf spot","imag_078.jpg","fenugreek_cercospora_leaf_spot_0078.jpg","D:\farm-app\dataset\Fenugreek\Cercospora leaf spot\imag_078.jpg","D:\farm-app\dataset\Fenugreek\Cercospora leaf spot\fenugreek_cercospora_leaf_spot_0078.jpg"
"Fenugreek\Cercospora leaf spot","imag_079.jpg","fenugreek_cercospora_leaf_spot_0079.jpg","D:\farm-app\dataset\Fenugreek\Cercospora leaf spot\imag_079.jpg","D:\farm-app\dataset\Fenugreek\Cercospora leaf spot\fenugreek_cercospora_leaf_spot_0079.jpg"
"Fenugreek\Cercospora leaf spot","imag_080.jpg","fenugreek_cercospora_leaf_spot_0080.jpg","D:\farm-app\dataset\Fenugreek\Cercospora leaf spot\imag_080.jpg","D:\farm-app\dataset\Fenugreek\Cercospora leaf spot\fenugreek_cercospora_leaf_spot_0080.jpg"
"Fenugreek\Cercospora leaf spot","imag_081.jpg","fenugreek_cercospora_leaf_spot_0081.jpg","D:\farm-app\dataset\Fenugreek\Cercospora leaf spot\imag_081.jpg","D:\farm-app\dataset\Fenugreek\Cercospora leaf spot\fenugreek_cercospora_leaf_spot_0081.jpg"
"Fenugreek\Cercospora leaf spot","imag_082.jpg","fenugreek_cercospora_leaf_spot_0082.jpg","D:\farm-app\dataset\Fenugreek\Cercospora leaf spot\imag_082.jpg","D:\farm-app\dataset\Fenugreek\Cercospora leaf spot\fenugreek_cercospora_leaf_spot_0082.jpg"
"Fenugreek\Cercospora leaf spot","imag_083.jpg","fenugreek_cercospora_leaf_spot_0083.jpg","D:\farm-app\dataset\Fenugreek\Cercospora leaf spot\imag_083.jpg","D:\farm-app\dataset\Fenugreek\Cercospora leaf spot\fenugreek_cercospora_leaf_spot_0083.jpg"
"Fenugreek\Cercospora leaf spot","imag_084.jpg","fenugreek_cercospora_leaf_spot_0084.jpg","D:\farm-app\dataset\Fenugreek\Cercospora leaf spot\imag_084.jpg","D:\farm-app\dataset\Fenugreek\Cercospora leaf spot\fenugreek_cercospora_leaf_spot_0084.jpg"
"Fenugreek\Cercospora leaf spot","imag_085.jpg","fenugreek_cercospora_leaf_spot_0085.jpg","D:\farm-app\dataset\Fenugreek\Cercospora leaf spot\imag_085.jpg","D:\farm-app\dataset\Fenugreek\Cercospora leaf spot\fenugreek_cercospora_leaf_spot_0085.jpg"
"Fenugreek\Cercospora leaf spot","imag_086.jpg","fenugreek_cercospora_leaf_spot_0086.jpg","D:\farm-app\dataset\Fenugreek\Cercospora leaf spot\imag_086.jpg","D:\farm-app\dataset\Fenugreek\Cercospora leaf spot\fenugreek_cercospora_leaf_spot_0086.jpg"
"Fenugreek\Cercospora leaf spot","imag_087.jpg","fenugreek_cercospora_leaf_spot_0087.jpg","D:\farm-app\dataset\Fenugreek\Cercospora leaf spot\imag_087.jpg","D:\farm-app\dataset\Fenugreek\Cercospora leaf spot\fenugreek_cercospora_leaf_spot_0087.jpg"
"Fenugreek\Cercospora leaf spot","imag_088.jpg","fenugreek_cercospora_leaf_spot_0088.jpg","D:\farm-app\dataset\Fenugreek\Cercospora leaf spot\imag_088.jpg","D:\farm-app\dataset\Fenugreek\Cercospora leaf spot\fenugreek_cercospora_leaf_spot_0088.jpg"
"Fenugreek\Cercospora leaf spot","imag_089.jpg","fenugreek_cercospora_leaf_spot_0089.jpg","D:\farm-app\dataset\Fenugreek\Cercospora leaf spot\imag_089.jpg","D:\farm-app\dataset\Fenugreek\Cercospora leaf spot\fenugreek_cercospora_leaf_spot_0089.jpg"
"Fenugreek\Cercospora leaf spot","imag_090.jpg","fenugreek_cercospora_leaf_spot_0090.jpg","D:\farm-app\dataset\Fenugreek\Cercospora leaf spot\imag_090.jpg","D:\farm-app\dataset\Fenugreek\Cercospora leaf spot\fenugreek_cercospora_leaf_spot_0090.jpg"
"Fenugreek\Cercospora leaf spot","imag_091.jpg","fenugreek_cercospora_leaf_spot_0091.jpg","D:\farm-app\dataset\Fenugreek\Cercospora leaf spot\imag_091.jpg","D:\farm-app\dataset\Fenugreek\Cercospora leaf spot\fenugreek_cercospora_leaf_spot_0091.jpg"
"Fenugreek\Cercospora leaf spot","imag_092.jpg","fenugreek_cercospora_leaf_spot_0092.jpg","D:\farm-app\dataset\Fenugreek\Cercospora leaf spot\imag_092.jpg","D:\farm-app\dataset\Fenugreek\Cercospora leaf spot\fenugreek_cercospora_leaf_spot_0092.jpg"
"Fenugreek\Cercospora leaf spot","imag_093.jpg","fenugreek_cercospora_leaf_spot_0093.jpg","D:\farm-app\dataset\Fenugreek\Cercospora leaf spot\imag_093.jpg","D:\farm-app\dataset\Fenugreek\Cercospora leaf spot\fenugreek_cercospora_leaf_spot_0093.jpg"
"Fenugreek\Cercospora leaf spot","imag_094.jpg","fenugreek_cercospora_leaf_spot_0094.jpg","D:\farm-app\dataset\Fenugreek\Cercospora leaf spot\imag_094.jpg","D:\farm-app\dataset\Fenugreek\Cercospora leaf spot\fenugreek_cercospora_leaf_spot_0094.jpg"
"Fenugreek\Cercospora leaf spot","imag_095.jpg","fenugreek_cercospora_leaf_spot_0095.jpg","D:\farm-app\dataset\Fenugreek\Cercospora leaf spot\imag_095.jpg","D:\farm-app\dataset\Fenugreek\Cercospora leaf spot\fenugreek_cercospora_leaf_spot_0095.jpg"
"Fenugreek\Cercospora leaf spot","imag_096.jpg","fenugreek_cercospora_leaf_spot_0096.jpg","D:\farm-app\dataset\Fenugreek\Cercospora leaf spot\imag_096.jpg","D:\farm-app\dataset\Fenugreek\Cercospora leaf spot\fenugreek_cercospora_leaf_spot_0096.jpg"
"Fenugreek\Cercospora leaf spot","imag_097.jpg","fenugreek_cercospora_leaf_spot_0097.jpg","D:\farm-app\dataset\Fenugreek\Cercospora leaf spot\imag_097.jpg","D:\farm-app\dataset\Fenugreek\Cercospora leaf spot\fenugreek_cercospora_leaf_spot_0097.jpg"
"Fenugreek\Cercospora leaf spot","imag_098.jpg","fenugreek_cercospora_leaf_spot_0098.jpg","D:\farm-app\dataset\Fenugreek\Cercospora leaf spot\imag_098.jpg","D:\farm-app\dataset\Fenugreek\Cercospora leaf spot\fenugreek_cercospora_leaf_spot_0098.jpg"
"Fenugreek\Cercospora leaf spot","imag_099.jpg","fenugreek_cercospora_leaf_spot_0099.jpg","D:\farm-app\dataset\Fenugreek\Cercospora leaf spot\imag_099.jpg","D:\farm-app\dataset\Fenugreek\Cercospora leaf spot\fenugreek_cercospora_leaf_spot_0099.jpg"
"Fenugreek\Cercospora leaf spot","imag_100.jpg","fenugreek_cercospora_leaf_spot_0100.jpg","D:\farm-app\dataset\Fenugreek\Cercospora leaf spot\imag_100.jpg","D:\farm-app\dataset\Fenugreek\Cercospora leaf spot\fenugreek_cercospora_leaf_spot_0100.jpg"
"Fenugreek\Fenugreek Healthy","imag_001.jpg","fenugreek_healthy_0001.jpg","D:\farm-app\dataset\Fenugreek\Fenugreek Healthy\imag_001.jpg","D:\farm-app\dataset\Fenugreek\Fenugreek Healthy\fenugreek_healthy_0001.jpg"
"Fenugreek\Fenugreek Healthy","imag_002.jpg","fenugreek_healthy_0002.jpg","D:\farm-app\dataset\Fenugreek\Fenugreek Healthy\imag_002.jpg","D:\farm-app\dataset\Fenugreek\Fenugreek Healthy\fenugreek_healthy_0002.jpg"
"Fenugreek\Fenugreek Healthy","imag_003.jpg","fenugreek_healthy_0003.jpg","D:\farm-app\dataset\Fenugreek\Fenugreek Healthy\imag_003.jpg","D:\farm-app\dataset\Fenugreek\Fenugreek Healthy\fenugreek_healthy_0003.jpg"
"Fenugreek\Fenugreek Healthy","imag_004.jpg","fenugreek_healthy_0004.jpg","D:\farm-app\dataset\Fenugreek\Fenugreek Healthy\imag_004.jpg","D:\farm-app\dataset\Fenugreek\Fenugreek Healthy\fenugreek_healthy_0004.jpg"
"Fenugreek\Fenugreek Healthy","imag_005.jpg","fenugreek_healthy_0005.jpg","D:\farm-app\dataset\Fenugreek\Fenugreek Healthy\imag_005.jpg","D:\farm-app\dataset\Fenugreek\Fenugreek Healthy\fenugreek_healthy_0005.jpg"
"Fenugreek\Fenugreek Healthy","imag_006.jpg","fenugreek_healthy_0006.jpg","D:\farm-app\dataset\Fenugreek\Fenugreek Healthy\imag_006.jpg","D:\farm-app\dataset\Fenugreek\Fenugreek Healthy\fenugreek_healthy_0006.jpg"
"Fenugreek\Fenugreek Healthy","imag_007.jpg","fenugreek_healthy_0007.jpg","D:\farm-app\dataset\Fenugreek\Fenugreek Healthy\imag_007.jpg","D:\farm-app\dataset\Fenugreek\Fenugreek Healthy\fenugreek_healthy_0007.jpg"
"Fenugreek\Fenugreek Healthy","imag_008.jpg","fenugreek_healthy_0008.jpg","D:\farm-app\dataset\Fenugreek\Fenugreek Healthy\imag_008.jpg","D:\farm-app\dataset\Fenugreek\Fenugreek Healthy\fenugreek_healthy_0008.jpg"
"Fenugreek\Fenugreek Healthy","imag_009.jpg","fenugreek_healthy_0009.jpg","D:\farm-app\dataset\Fenugreek\Fenugreek Healthy\imag_009.jpg","D:\farm-app\dataset\Fenugreek\Fenugreek Healthy\fenugreek_healthy_0009.jpg"
"Fenugreek\Fenugreek Healthy","imag_010.jpg","fenugreek_healthy_0010.jpg","D:\farm-app\dataset\Fenugreek\Fenugreek Healthy\imag_010.jpg","D:\farm-app\dataset\Fenugreek\Fenugreek Healthy\fenugreek_healthy_0010.jpg"
"Fenugreek\Fenugreek Healthy","imag_011.jpg","fenugreek_healthy_0011.jpg","D:\farm-app\dataset\Fenugreek\Fenugreek Healthy\imag_011.jpg","D:\farm-app\dataset\Fenugreek\Fenugreek Healthy\fenugreek_healthy_0011.jpg"
"Fenugreek\Fenugreek Healthy","imag_012.jpg","fenugreek_healthy_0012.jpg","D:\farm-app\dataset\Fenugreek\Fenugreek Healthy\imag_012.jpg","D:\farm-app\dataset\Fenugreek\Fenugreek Healthy\fenugreek_healthy_0012.jpg"
"Fenugreek\Fenugreek Healthy","imag_013.jpg","fenugreek_healthy_0013.jpg","D:\farm-app\dataset\Fenugreek\Fenugreek Healthy\imag_013.jpg","D:\farm-app\dataset\Fenugreek\Fenugreek Healthy\fenugreek_healthy_0013.jpg"
"Fenugreek\Fenugreek Healthy","imag_014.jpg","fenugreek_healthy_0014.jpg","D:\farm-app\dataset\Fenugreek\Fenugreek Healthy\imag_014.jpg","D:\farm-app\dataset\Fenugreek\Fenugreek Healthy\fenugreek_healthy_0014.jpg"
"Fenugreek\Fenugreek Healthy","imag_015.jpg","fenugreek_healthy_0015.jpg","D:\farm-app\dataset\Fenugreek\Fenugreek Healthy\imag_015.jpg","D:\farm-app\dataset\Fenugreek\Fenugreek Healthy\fenugreek_healthy_0015.jpg"
"Fenugreek\Fenugreek Healthy","imag_016.jpg","fenugreek_healthy_0016.jpg","D:\farm-app\dataset\Fenugreek\Fenugreek Healthy\imag_016.jpg","D:\farm-app\dataset\Fenugreek\Fenugreek Healthy\fenugreek_healthy_0016.jpg"
"Fenugreek\Fenugreek Healthy","imag_017.jpg","fenugreek_healthy_0017.jpg","D:\farm-app\dataset\Fenugreek\Fenugreek Healthy\imag_017.jpg","D:\farm-app\dataset\Fenugreek\Fenugreek Healthy\fenugreek_healthy_0017.jpg"
"Fenugreek\Fenugreek Healthy","imag_018.jpg","fenugreek_healthy_0018.jpg","D:\farm-app\dataset\Fenugreek\Fenugreek Healthy\imag_018.jpg","D:\farm-app\dataset\Fenugreek\Fenugreek Healthy\fenugreek_healthy_0018.jpg"
"Fenugreek\Fenugreek Healthy","imag_019.jpg","fenugreek_healthy_0019.jpg","D:\farm-app\dataset\Fenugreek\Fenugreek Healthy\imag_019.jpg","D:\farm-app\dataset\Fenugreek\Fenugreek Healthy\fenugreek_healthy_0019.jpg"
"Fenugreek\Fenugreek Healthy","imag_020.jpg","fenugreek_healthy_0020.jpg","D:\farm-app\dataset\Fenugreek\Fenugreek Healthy\imag_020.jpg","D:\farm-app\dataset\Fenugreek\Fenugreek Healthy\fenugreek_healthy_0020.jpg"
"Fenugreek\Fenugreek Healthy","imag_021.jpg","fenugreek_healthy_0021.jpg","D:\farm-app\dataset\Fenugreek\Fenugreek Healthy\imag_021.jpg","D:\farm-app\dataset\Fenugreek\Fenugreek Healthy\fenugreek_healthy_0021.jpg"
"Fenugreek\Fenugreek Healthy","imag_022.jpg","fenugreek_healthy_0022.jpg","D:\farm-app\dataset\Fenugreek\Fenugreek Healthy\imag_022.jpg","D:\farm-app\dataset\Fenugreek\Fenugreek Healthy\fenugreek_healthy_0022.jpg"
"Fenugreek\Fenugreek Healthy","imag_023.jpg","fenugreek_healthy_0023.jpg","D:\farm-app\dataset\Fenugreek\Fenugreek Healthy\imag_023.jpg","D:\farm-app\dataset\Fenugreek\Fenugreek Healthy\fenugreek_healthy_0023.jpg"
"Fenugreek\Fenugreek Healthy","imag_024.jpg","fenugreek_healthy_0024.jpg","D:\farm-app\dataset\Fenugreek\Fenugreek Healthy\imag_024.jpg","D:\farm-app\dataset\Fenugreek\Fenugreek Healthy\fenugreek_healthy_0024.jpg"
"Fenugreek\Fenugreek Healthy","imag_025.jpg","fenugreek_healthy_0025.jpg","D:\farm-app\dataset\Fenugreek\Fenugreek Healthy\imag_025.jpg","D:\farm-app\dataset\Fenugreek\Fenugreek Healthy\fenugreek_healthy_0025.jpg"
"Fenugreek\Fenugreek Healthy","imag_026.jpg","fenugreek_healthy_0026.jpg","D:\farm-app\dataset\Fenugreek\Fenugreek Healthy\imag_026.jpg","D:\farm-app\dataset\Fenugreek\Fenugreek Healthy\fenugreek_healthy_0026.jpg"
"Fenugreek\Fenugreek Healthy","imag_027.jpg","fenugreek_healthy_0027.jpg","D:\farm-app\dataset\Fenugreek\Fenugreek Healthy\imag_027.jpg","D:\farm-app\dataset\Fenugreek\Fenugreek Healthy\fenugreek_healthy_0027.jpg"
"Fenugreek\Fenugreek Healthy","imag_028.jpg","fenugreek_healthy_0028.jpg","D:\farm-app\dataset\Fenugreek\Fenugreek Healthy\imag_028.jpg","D:\farm-app\dataset\Fenugreek\Fenugreek Healthy\fenugreek_healthy_0028.jpg"
"Fenugreek\Fenugreek Healthy","imag_029.jpg","fenugreek_healthy_0029.jpg","D:\farm-app\dataset\Fenugreek\Fenugreek Healthy\imag_029.jpg","D:\farm-app\dataset\Fenugreek\Fenugreek Healthy\fenugreek_healthy_0029.jpg"
"Fenugreek\Fenugreek Healthy","imag_030.jpg","fenugreek_healthy_0030.jpg","D:\farm-app\dataset\Fenugreek\Fenugreek Healthy\imag_030.jpg","D:\farm-app\dataset\Fenugreek\Fenugreek Healthy\fenugreek_healthy_0030.jpg"
"Fenugreek\Fenugreek Healthy","imag_031.jpg","fenugreek_healthy_0031.jpg","D:\farm-app\dataset\Fenugreek\Fenugreek Healthy\imag_031.jpg","D:\farm-app\dataset\Fenugreek\Fenugreek Healthy\fenugreek_healthy_0031.jpg"
"Fenugreek\Fenugreek Healthy","imag_032.jpg","fenugreek_healthy_0032.jpg","D:\farm-app\dataset\Fenugreek\Fenugreek Healthy\imag_032.jpg","D:\farm-app\dataset\Fenugreek\Fenugreek Healthy\fenugreek_healthy_0032.jpg"
"Fenugreek\Fenugreek Healthy","imag_033.jpg","fenugreek_healthy_0033.jpg","D:\farm-app\dataset\Fenugreek\Fenugreek Healthy\imag_033.jpg","D:\farm-app\dataset\Fenugreek\Fenugreek Healthy\fenugreek_healthy_0033.jpg"
"Fenugreek\Fenugreek Healthy","imag_034.jpg","fenugreek_healthy_0034.jpg","D:\farm-app\dataset\Fenugreek\Fenugreek Healthy\imag_034.jpg","D:\farm-app\dataset\Fenugreek\Fenugreek Healthy\fenugreek_healthy_0034.jpg"
"Fenugreek\Fenugreek Healthy","imag_035.jpg","fenugreek_healthy_0035.jpg","D:\farm-app\dataset\Fenugreek\Fenugreek Healthy\imag_035.jpg","D:\farm-app\dataset\Fenugreek\Fenugreek Healthy\fenugreek_healthy_0035.jpg"
"Fenugreek\Fenugreek Healthy","imag_036.jpg","fenugreek_healthy_0036.jpg","D:\farm-app\dataset\Fenugreek\Fenugreek Healthy\imag_036.jpg","D:\farm-app\dataset\Fenugreek\Fenugreek Healthy\fenugreek_healthy_0036.jpg"
"Fenugreek\Fenugreek Healthy","imag_037.jpg","fenugreek_healthy_0037.jpg","D:\farm-app\dataset\Fenugreek\Fenugreek Healthy\imag_037.jpg","D:\farm-app\dataset\Fenugreek\Fenugreek Healthy\fenugreek_healthy_0037.jpg"
"Fenugreek\Fenugreek Healthy","imag_038.jpg","fenugreek_healthy_0038.jpg","D:\farm-app\dataset\Fenugreek\Fenugreek Healthy\imag_038.jpg","D:\farm-app\dataset\Fenugreek\Fenugreek Healthy\fenugreek_healthy_0038.jpg"
"Fenugreek\Fenugreek Healthy","imag_039.jpg","fenugreek_healthy_0039.jpg","D:\farm-app\dataset\Fenugreek\Fenugreek Healthy\imag_039.jpg","D:\farm-app\dataset\Fenugreek\Fenugreek Healthy\fenugreek_healthy_0039.jpg"
"Fenugreek\Fenugreek Healthy","imag_040.jpg","fenugreek_healthy_0040.jpg","D:\farm-app\dataset\Fenugreek\Fenugreek Healthy\imag_040.jpg","D:\farm-app\dataset\Fenugreek\Fenugreek Healthy\fenugreek_healthy_0040.jpg"
"Fenugreek\Fenugreek Healthy","imag_041.jpg","fenugreek_healthy_0041.jpg","D:\farm-app\dataset\Fenugreek\Fenugreek Healthy\imag_041.jpg","D:\farm-app\dataset\Fenugreek\Fenugreek Healthy\fenugreek_healthy_0041.jpg"
"Fenugreek\Fenugreek Healthy","imag_042.jpg","fenugreek_healthy_0042.jpg","D:\farm-app\dataset\Fenugreek\Fenugreek Healthy\imag_042.jpg","D:\farm-app\dataset\Fenugreek\Fenugreek Healthy\fenugreek_healthy_0042.jpg"
"Fenugreek\Fenugreek Healthy","imag_043.jpg","fenugreek_healthy_0043.jpg","D:\farm-app\dataset\Fenugreek\Fenugreek Healthy\imag_043.jpg","D:\farm-app\dataset\Fenugreek\Fenugreek Healthy\fenugreek_healthy_0043.jpg"
"Fenugreek\Fenugreek Healthy","imag_044.jpg","fenugreek_healthy_0044.jpg","D:\farm-app\dataset\Fenugreek\Fenugreek Healthy\imag_044.jpg","D:\farm-app\dataset\Fenugreek\Fenugreek Healthy\fenugreek_healthy_0044.jpg"
"Fenugreek\Fenugreek Healthy","imag_045.jpg","fenugreek_healthy_0045.jpg","D:\farm-app\dataset\Fenugreek\Fenugreek Healthy\imag_045.jpg","D:\farm-app\dataset\Fenugreek\Fenugreek Healthy\fenugreek_healthy_0045.jpg"
"Fenugreek\Fenugreek Healthy","imag_046.jpg","fenugreek_healthy_0046.jpg","D:\farm-app\dataset\Fenugreek\Fenugreek Healthy\imag_046.jpg","D:\farm-app\dataset\Fenugreek\Fenugreek Healthy\fenugreek_healthy_0046.jpg"
"Fenugreek\Fenugreek Healthy","imag_047.jpg","fenugreek_healthy_0047.jpg","D:\farm-app\dataset\Fenugreek\Fenugreek Healthy\imag_047.jpg","D:\farm-app\dataset\Fenugreek\Fenugreek Healthy\fenugreek_healthy_0047.jpg"
"Fenugreek\Fenugreek Healthy","imag_048.jpg","fenugreek_healthy_0048.jpg","D:\farm-app\dataset\Fenugreek\Fenugreek Healthy\imag_048.jpg","D:\farm-app\dataset\Fenugreek\Fenugreek Healthy\fenugreek_healthy_0048.jpg"
"Fenugreek\Fenugreek Healthy","imag_049.jpg","fenugreek_healthy_0049.jpg","D:\farm-app\dataset\Fenugreek\Fenugreek Healthy\imag_049.jpg","D:\farm-app\dataset\Fenugreek\Fenugreek Healthy\fenugreek_healthy_0049.jpg"
"Fenugreek\Fenugreek Healthy","imag_050.jpg","fenugreek_healthy_0050.jpg","D:\farm-app\dataset\Fenugreek\Fenugreek Healthy\imag_050.jpg","D:\farm-app\dataset\Fenugreek\Fenugreek Healthy\fenugreek_healthy_0050.jpg"
"Fenugreek\Fenugreek Healthy","imag_051.jpg","fenugreek_healthy_0051.jpg","D:\farm-app\dataset\Fenugreek\Fenugreek Healthy\imag_051.jpg","D:\farm-app\dataset\Fenugreek\Fenugreek Healthy\fenugreek_healthy_0051.jpg"
"Fenugreek\Fenugreek Healthy","imag_052.jpg","fenugreek_healthy_0052.jpg","D:\farm-app\dataset\Fenugreek\Fenugreek Healthy\imag_052.jpg","D:\farm-app\dataset\Fenugreek\Fenugreek Healthy\fenugreek_healthy_0052.jpg"
"Fenugreek\Fenugreek Healthy","imag_053.jpg","fenugreek_healthy_0053.jpg","D:\farm-app\dataset\Fenugreek\Fenugreek Healthy\imag_053.jpg","D:\farm-app\dataset\Fenugreek\Fenugreek Healthy\fenugreek_healthy_0053.jpg"
"Fenugreek\Fenugreek Healthy","imag_054.jpg","fenugreek_healthy_0054.jpg","D:\farm-app\dataset\Fenugreek\Fenugreek Healthy\imag_054.jpg","D:\farm-app\dataset\Fenugreek\Fenugreek Healthy\fenugreek_healthy_0054.jpg"
"Fenugreek\Fenugreek Healthy","imag_055.jpg","fenugreek_healthy_0055.jpg","D:\farm-app\dataset\Fenugreek\Fenugreek Healthy\imag_055.jpg","D:\farm-app\dataset\Fenugreek\Fenugreek Healthy\fenugreek_healthy_0055.jpg"
"Fenugreek\Fenugreek Healthy","imag_056.jpg","fenugreek_healthy_0056.jpg","D:\farm-app\dataset\Fenugreek\Fenugreek Healthy\imag_056.jpg","D:\farm-app\dataset\Fenugreek\Fenugreek Healthy\fenugreek_healthy_0056.jpg"
"Fenugreek\Fenugreek Healthy","imag_057.jpg","fenugreek_healthy_0057.jpg","D:\farm-app\dataset\Fenugreek\Fenugreek Healthy\imag_057.jpg","D:\farm-app\dataset\Fenugreek\Fenugreek Healthy\fenugreek_healthy_0057.jpg"
"Fenugreek\Fenugreek Healthy","imag_058.jpg","fenugreek_healthy_0058.jpg","D:\farm-app\dataset\Fenugreek\Fenugreek Healthy\imag_058.jpg","D:\farm-app\dataset\Fenugreek\Fenugreek Healthy\fenugreek_healthy_0058.jpg"
"Fenugreek\Fenugreek Healthy","imag_059.jpg","fenugreek_healthy_0059.jpg","D:\farm-app\dataset\Fenugreek\Fenugreek Healthy\imag_059.jpg","D:\farm-app\dataset\Fenugreek\Fenugreek Healthy\fenugreek_healthy_0059.jpg"
"Fenugreek\Fenugreek Healthy","imag_060.jpg","fenugreek_healthy_0060.jpg","D:\farm-app\dataset\Fenugreek\Fenugreek Healthy\imag_060.jpg","D:\farm-app\dataset\Fenugreek\Fenugreek Healthy\fenugreek_healthy_0060.jpg"
"Fenugreek\Fenugreek Healthy","imag_061.jpg","fenugreek_healthy_0061.jpg","D:\farm-app\dataset\Fenugreek\Fenugreek Healthy\imag_061.jpg","D:\farm-app\dataset\Fenugreek\Fenugreek Healthy\fenugreek_healthy_0061.jpg"
"Fenugreek\Fenugreek Healthy","imag_062.jpg","fenugreek_healthy_0062.jpg","D:\farm-app\dataset\Fenugreek\Fenugreek Healthy\imag_062.jpg","D:\farm-app\dataset\Fenugreek\Fenugreek Healthy\fenugreek_healthy_0062.jpg"
"Fenugreek\Fenugreek Healthy","imag_063.jpg","fenugreek_healthy_0063.jpg","D:\farm-app\dataset\Fenugreek\Fenugreek Healthy\imag_063.jpg","D:\farm-app\dataset\Fenugreek\Fenugreek Healthy\fenugreek_healthy_0063.jpg"
"Fenugreek\Fenugreek Healthy","imag_064.jpg","fenugreek_healthy_0064.jpg","D:\farm-app\dataset\Fenugreek\Fenugreek Healthy\imag_064.jpg","D:\farm-app\dataset\Fenugreek\Fenugreek Healthy\fenugreek_healthy_0064.jpg"
"Fenugreek\Fenugreek Healthy","imag_065.jpg","fenugreek_healthy_0065.jpg","D:\farm-app\dataset\Fenugreek\Fenugreek Healthy\imag_065.jpg","D:\farm-app\dataset\Fenugreek\Fenugreek Healthy\fenugreek_healthy_0065.jpg"
"Fenugreek\Fenugreek Healthy","imag_066.jpg","fenugreek_healthy_0066.jpg","D:\farm-app\dataset\Fenugreek\Fenugreek Healthy\imag_066.jpg","D:\farm-app\dataset\Fenugreek\Fenugreek Healthy\fenugreek_healthy_0066.jpg"
"Fenugreek\Fenugreek Healthy","imag_067.jpg","fenugreek_healthy_0067.jpg","D:\farm-app\dataset\Fenugreek\Fenugreek Healthy\imag_067.jpg","D:\farm-app\dataset\Fenugreek\Fenugreek Healthy\fenugreek_healthy_0067.jpg"
"Fenugreek\Fenugreek Healthy","imag_068.jpg","fenugreek_healthy_0068.jpg","D:\farm-app\dataset\Fenugreek\Fenugreek Healthy\imag_068.jpg","D:\farm-app\dataset\Fenugreek\Fenugreek Healthy\fenugreek_healthy_0068.jpg"
"Fenugreek\Fenugreek Healthy","imag_069.jpg","fenugreek_healthy_0069.jpg","D:\farm-app\dataset\Fenugreek\Fenugreek Healthy\imag_069.jpg","D:\farm-app\dataset\Fenugreek\Fenugreek Healthy\fenugreek_healthy_0069.jpg"
"Fenugreek\Fenugreek Healthy","imag_070.jpg","fenugreek_healthy_0070.jpg","D:\farm-app\dataset\Fenugreek\Fenugreek Healthy\imag_070.jpg","D:\farm-app\dataset\Fenugreek\Fenugreek Healthy\fenugreek_healthy_0070.jpg"
"Fenugreek\Fenugreek Healthy","imag_071.jpg","fenugreek_healthy_0071.jpg","D:\farm-app\dataset\Fenugreek\Fenugreek Healthy\imag_071.jpg","D:\farm-app\dataset\Fenugreek\Fenugreek Healthy\fenugreek_healthy_0071.jpg"
"Fenugreek\Fenugreek Healthy","imag_072.jpg","fenugreek_healthy_0072.jpg","D:\farm-app\dataset\Fenugreek\Fenugreek Healthy\imag_072.jpg","D:\farm-app\dataset\Fenugreek\Fenugreek Healthy\fenugreek_healthy_0072.jpg"
"Fenugreek\Fenugreek Healthy","imag_073.jpg","fenugreek_healthy_0073.jpg","D:\farm-app\dataset\Fenugreek\Fenugreek Healthy\imag_073.jpg","D:\farm-app\dataset\Fenugreek\Fenugreek Healthy\fenugreek_healthy_0073.jpg"
"Fenugreek\Fenugreek Healthy","imag_074.jpg","fenugreek_healthy_0074.jpg","D:\farm-app\dataset\Fenugreek\Fenugreek Healthy\imag_074.jpg","D:\farm-app\dataset\Fenugreek\Fenugreek Healthy\fenugreek_healthy_0074.jpg"
"Fenugreek\Fenugreek Healthy","imag_075.jpg","fenugreek_healthy_0075.jpg","D:\farm-app\dataset\Fenugreek\Fenugreek Healthy\imag_075.jpg","D:\farm-app\dataset\Fenugreek\Fenugreek Healthy\fenugreek_healthy_0075.jpg"
"Fenugreek\Fenugreek Healthy","imag_076.jpg","fenugreek_healthy_0076.jpg","D:\farm-app\dataset\Fenugreek\Fenugreek Healthy\imag_076.jpg","D:\farm-app\dataset\Fenugreek\Fenugreek Healthy\fenugreek_healthy_0076.jpg"
"Fenugreek\Fenugreek Healthy","imag_077.jpg","fenugreek_healthy_0077.jpg","D:\farm-app\dataset\Fenugreek\Fenugreek Healthy\imag_077.jpg","D:\farm-app\dataset\Fenugreek\Fenugreek Healthy\fenugreek_healthy_0077.jpg"
"Fenugreek\Fenugreek Healthy","imag_078.jpg","fenugreek_healthy_0078.jpg","D:\farm-app\dataset\Fenugreek\Fenugreek Healthy\imag_078.jpg","D:\farm-app\dataset\Fenugreek\Fenugreek Healthy\fenugreek_healthy_0078.jpg"
"Fenugreek\Fenugreek Healthy","imag_079.jpg","fenugreek_healthy_0079.jpg","D:\farm-app\dataset\Fenugreek\Fenugreek Healthy\imag_079.jpg","D:\farm-app\dataset\Fenugreek\Fenugreek Healthy\fenugreek_healthy_0079.jpg"
"Fenugreek\Fenugreek Healthy","imag_080.jpg","fenugreek_healthy_0080.jpg","D:\farm-app\dataset\Fenugreek\Fenugreek Healthy\imag_080.jpg","D:\farm-app\dataset\Fenugreek\Fenugreek Healthy\fenugreek_healthy_0080.jpg"
"Fenugreek\Fenugreek Healthy","imag_081.jpg","fenugreek_healthy_0081.jpg","D:\farm-app\dataset\Fenugreek\Fenugreek Healthy\imag_081.jpg","D:\farm-app\dataset\Fenugreek\Fenugreek Healthy\fenugreek_healthy_0081.jpg"
"Fenugreek\Fenugreek Healthy","imag_082.jpg","fenugreek_healthy_0082.jpg","D:\farm-app\dataset\Fenugreek\Fenugreek Healthy\imag_082.jpg","D:\farm-app\dataset\Fenugreek\Fenugreek Healthy\fenugreek_healthy_0082.jpg"
"Fenugreek\Fenugreek Healthy","imag_083.jpg","fenugreek_healthy_0083.jpg","D:\farm-app\dataset\Fenugreek\Fenugreek Healthy\imag_083.jpg","D:\farm-app\dataset\Fenugreek\Fenugreek Healthy\fenugreek_healthy_0083.jpg"
"Fenugreek\Fenugreek Healthy","imag_084.jpg","fenugreek_healthy_0084.jpg","D:\farm-app\dataset\Fenugreek\Fenugreek Healthy\imag_084.jpg","D:\farm-app\dataset\Fenugreek\Fenugreek Healthy\fenugreek_healthy_0084.jpg"
"Fenugreek\Fenugreek Healthy","imag_085.jpg","fenugreek_healthy_0085.jpg","D:\farm-app\dataset\Fenugreek\Fenugreek Healthy\imag_085.jpg","D:\farm-app\dataset\Fenugreek\Fenugreek Healthy\fenugreek_healthy_0085.jpg"
"Fenugreek\Fenugreek Healthy","imag_086.jpg","fenugreek_healthy_0086.jpg","D:\farm-app\dataset\Fenugreek\Fenugreek Healthy\imag_086.jpg","D:\farm-app\dataset\Fenugreek\Fenugreek Healthy\fenugreek_healthy_0086.jpg"
"Fenugreek\Fenugreek Healthy","imag_087.jpg","fenugreek_healthy_0087.jpg","D:\farm-app\dataset\Fenugreek\Fenugreek Healthy\imag_087.jpg","D:\farm-app\dataset\Fenugreek\Fenugreek Healthy\fenugreek_healthy_0087.jpg"
"Fenugreek\Fenugreek Healthy","imag_088.jpg","fenugreek_healthy_0088.jpg","D:\farm-app\dataset\Fenugreek\Fenugreek Healthy\imag_088.jpg","D:\farm-app\dataset\Fenugreek\Fenugreek Healthy\fenugreek_healthy_0088.jpg"
"Fenugreek\Fenugreek Healthy","imag_089.jpg","fenugreek_healthy_0089.jpg","D:\farm-app\dataset\Fenugreek\Fenugreek Healthy\imag_089.jpg","D:\farm-app\dataset\Fenugreek\Fenugreek Healthy\fenugreek_healthy_0089.jpg"
"Fenugreek\Fenugreek Healthy","imag_090.jpg","fenugreek_healthy_0090.jpg","D:\farm-app\dataset\Fenugreek\Fenugreek Healthy\imag_090.jpg","D:\farm-app\dataset\Fenugreek\Fenugreek Healthy\fenugreek_healthy_0090.jpg"
"Fenugreek\Fenugreek Healthy","imag_091.jpg","fenugreek_healthy_0091.jpg","D:\farm-app\dataset\Fenugreek\Fenugreek Healthy\imag_091.jpg","D:\farm-app\dataset\Fenugreek\Fenugreek Healthy\fenugreek_healthy_0091.jpg"
"Fenugreek\Fenugreek Healthy","imag_092.jpg","fenugreek_healthy_0092.jpg","D:\farm-app\dataset\Fenugreek\Fenugreek Healthy\imag_092.jpg","D:\farm-app\dataset\Fenugreek\Fenugreek Healthy\fenugreek_healthy_0092.jpg"
"Fenugreek\Fenugreek Healthy","imag_093.jpg","fenugreek_healthy_0093.jpg","D:\farm-app\dataset\Fenugreek\Fenugreek Healthy\imag_093.jpg","D:\farm-app\dataset\Fenugreek\Fenugreek Healthy\fenugreek_healthy_0093.jpg"
"Fenugreek\Fenugreek Healthy","imag_094.jpg","fenugreek_healthy_0094.jpg","D:\farm-app\dataset\Fenugreek\Fenugreek Healthy\imag_094.jpg","D:\farm-app\dataset\Fenugreek\Fenugreek Healthy\fenugreek_healthy_0094.jpg"
"Fenugreek\Fenugreek Healthy","imag_095.jpg","fenugreek_healthy_0095.jpg","D:\farm-app\dataset\Fenugreek\Fenugreek Healthy\imag_095.jpg","D:\farm-app\dataset\Fenugreek\Fenugreek Healthy\fenugreek_healthy_0095.jpg"
"Fenugreek\Fenugreek Healthy","imag_096.jpg","fenugreek_healthy_0096.jpg","D:\farm-app\dataset\Fenugreek\Fenugreek Healthy\imag_096.jpg","D:\farm-app\dataset\Fenugreek\Fenugreek Healthy\fenugreek_healthy_0096.jpg"
"Fenugreek\Fenugreek Healthy","imag_097.jpg","fenugreek_healthy_0097.jpg","D:\farm-app\dataset\Fenugreek\Fenugreek Healthy\imag_097.jpg","D:\farm-app\dataset\Fenugreek\Fenugreek Healthy\fenugreek_healthy_0097.jpg"
"Fenugreek\Fenugreek Healthy","imag_098.jpg","fenugreek_healthy_0098.jpg","D:\farm-app\dataset\Fenugreek\Fenugreek Healthy\imag_098.jpg","D:\farm-app\dataset\Fenugreek\Fenugreek Healthy\fenugreek_healthy_0098.jpg"
"Fenugreek\Fenugreek Healthy","imag_099.jpg","fenugreek_healthy_0099.jpg","D:\farm-app\dataset\Fenugreek\Fenugreek Healthy\imag_099.jpg","D:\farm-app\dataset\Fenugreek\Fenugreek Healthy\fenugreek_healthy_0099.jpg"
"Fenugreek\Fenugreek Healthy","imag_100.jpg","fenugreek_healthy_0100.jpg","D:\farm-app\dataset\Fenugreek\Fenugreek Healthy\imag_100.jpg","D:\farm-app\dataset\Fenugreek\Fenugreek Healthy\fenugreek_healthy_0100.jpg"
