image_id,crop,current_label,original_class_folder,filename,source_path,original_dimensions,decision,correct_label_if_wrong,notes
coriander_bacterial_blight_001,Coriander,coriander_bacterial_blight,Bacterial Blight,coriander_bacterial_blight_0001.jpg,dataset\Coriander\Bacterial Blight\coriander_bacterial_blight_0001.jpg,274x184,unreviewed,,
coriander_bacterial_blight_002,Coriander,coriander_bacterial_blight,Bacterial Blight,coriander_bacterial_blight_0002.jpg,dataset\Coriander\Bacterial Blight\coriander_bacterial_blight_0002.jpg,275x183,unreviewed,,
coriander_bacterial_blight_003,Coriander,coriander_bacterial_blight,Bacterial Blight,coriander_bacterial_blight_0003.jpg,dataset\Coriander\Bacterial Blight\coriander_bacterial_blight_0003.jpg,396x329,unreviewed,,
coriander_bacterial_blight_004,Coriander,coriander_bacterial_blight,Bacterial Blight,coriander_bacterial_blight_0004.jpg,dataset\Coriander\Bacterial Blight\coriander_bacterial_blight_0004.jpg,360x360,unreviewed,,
coriander_bacterial_blight_005,Coriander,coriander_bacterial_blight,Bacterial Blight,coriander_bacterial_blight_0005.jpg,dataset\Coriander\Bacterial Blight\coriander_bacterial_blight_0005.jpg,365x506,unreviewed,,
coriander_bacterial_blight_006,Coriander,coriander_bacterial_blight,Bacterial Blight,coriander_bacterial_blight_0006.jpg,dataset\Coriander\Bacterial Blight\coriander_bacterial_blight_0006.jpg,1250x365,unreviewed,,
coriander_bacterial_blight_007,Coriander,coriander_bacterial_blight,Bacterial Blight,coriander_bacterial_blight_0007.jpg,dataset\Coriander\Bacterial Blight\coriander_bacterial_blight_0007.jpg,365x506,unreviewed,,
coriander_bacterial_blight_008,Coriander,coriander_bacterial_blight,Bacterial Blight,coriander_bacterial_blight_0008.jpg,dataset\Coriander\Bacterial Blight\coriander_bacterial_blight_0008.jpg,257x196,unreviewed,,
coriander_bacterial_blight_009,Coriander,coriander_bacterial_blight,Bacterial Blight,coriander_bacterial_blight_0009.jpg,dataset\Coriander\Bacterial Blight\coriander_bacterial_blight_0009.jpg,290x174,unreviewed,,
coriander_bacterial_blight_010,Coriander,coriander_bacterial_blight,Bacterial Blight,coriander_bacterial_blight_0010.jpg,dataset\Coriander\Bacterial Blight\coriander_bacterial_blight_0010.jpg,183x275,unreviewed,,
coriander_bacterial_blight_011,Coriander,coriander_bacterial_blight,Bacterial Blight,coriander_bacterial_blight_0011.jpg,dataset\Coriander\Bacterial Blight\coriander_bacterial_blight_0011.jpg,242x209,unreviewed,,
coriander_bacterial_blight_012,Coriander,coriander_bacterial_blight,Bacterial Blight,coriander_bacterial_blight_0012.jpg,dataset\Coriander\Bacterial Blight\coriander_bacterial_blight_0012.jpg,272x185,unreviewed,,
coriander_bacterial_blight_013,Coriander,coriander_bacterial_blight,Bacterial Blight,coriander_bacterial_blight_0013.jpg,dataset\Coriander\Bacterial Blight\coriander_bacterial_blight_0013.jpg,295x171,unreviewed,,
coriander_bacterial_blight_014,Coriander,coriander_bacterial_blight,Bacterial Blight,coriander_bacterial_blight_0014.jpg,dataset\Coriander\Bacterial Blight\coriander_bacterial_blight_0014.jpg,274x184,unreviewed,,
coriander_bacterial_blight_015,Coriander,coriander_bacterial_blight,Bacterial Blight,coriander_bacterial_blight_0015.jpg,dataset\Coriander\Bacterial Blight\coriander_bacterial_blight_0015.jpg,275x183,unreviewed,,
coriander_bacterial_blight_016,Coriander,coriander_bacterial_blight,Bacterial Blight,coriander_bacterial_blight_0016.jpg,dataset\Coriander\Bacterial Blight\coriander_bacterial_blight_0016.jpg,275x183,unreviewed,,
coriander_bacterial_blight_017,Coriander,coriander_bacterial_blight,Bacterial Blight,coriander_bacterial_blight_0017.jpg,dataset\Coriander\Bacterial Blight\coriander_bacterial_blight_0017.jpg,275x183,unreviewed,,
coriander_bacterial_blight_018,Coriander,coriander_bacterial_blight,Bacterial Blight,coriander_bacterial_blight_0018.jpg,dataset\Coriander\Bacterial Blight\coriander_bacterial_blight_0018.jpg,264x191,unreviewed,,
coriander_bacterial_blight_019,Coriander,coriander_bacterial_blight,Bacterial Blight,coriander_bacterial_blight_0019.jpg,dataset\Coriander\Bacterial Blight\coriander_bacterial_blight_0019.jpg,365x506,unreviewed,,
coriander_bacterial_blight_020,Coriander,coriander_bacterial_blight,Bacterial Blight,coriander_bacterial_blight_0020.jpg,dataset\Coriander\Bacterial Blight\coriander_bacterial_blight_0020.jpg,257x196,unreviewed,,
coriander_bacterial_blight_021,Coriander,coriander_bacterial_blight,Bacterial Blight,coriander_bacterial_blight_0021.jpg,dataset\Coriander\Bacterial Blight\coriander_bacterial_blight_0021.jpg,246x205,unreviewed,,
coriander_bacterial_blight_022,Coriander,coriander_bacterial_blight,Bacterial Blight,coriander_bacterial_blight_0022.jpg,dataset\Coriander\Bacterial Blight\coriander_bacterial_blight_0022.jpg,246x205,unreviewed,,
coriander_bacterial_blight_023,Coriander,coriander_bacterial_blight,Bacterial Blight,coriander_bacterial_blight_0023.jpg,dataset\Coriander\Bacterial Blight\coriander_bacterial_blight_0023.jpg,2667x1981,unreviewed,,
coriander_bacterial_blight_024,Coriander,coriander_bacterial_blight,Bacterial Blight,coriander_bacterial_blight_0024.jpg,dataset\Coriander\Bacterial Blight\coriander_bacterial_blight_0024.jpg,2667x1981,unreviewed,,
coriander_bacterial_blight_025,Coriander,coriander_bacterial_blight,Bacterial Blight,coriander_bacterial_blight_0025.jpg,dataset\Coriander\Bacterial Blight\coriander_bacterial_blight_0025.jpg,360x140,unreviewed,,
coriander_bacterial_blight_026,Coriander,coriander_bacterial_blight,Bacterial Blight,coriander_bacterial_blight_0026.jpg,dataset\Coriander\Bacterial Blight\coriander_bacterial_blight_0026.jpg,416x121,unreviewed,,
coriander_bacterial_blight_027,Coriander,coriander_bacterial_blight,Bacterial Blight,coriander_bacterial_blight_0027.jpg,dataset\Coriander\Bacterial Blight\coriander_bacterial_blight_0027.jpg,300x168,unreviewed,,
coriander_bacterial_blight_028,Coriander,coriander_bacterial_blight,Bacterial Blight,coriander_bacterial_blight_0028.jpg,dataset\Coriander\Bacterial Blight\coriander_bacterial_blight_0028.jpg,289x174,unreviewed,,
coriander_bacterial_blight_029,Coriander,coriander_bacterial_blight,Bacterial Blight,coriander_bacterial_blight_0029.jpg,dataset\Coriander\Bacterial Blight\coriander_bacterial_blight_0029.jpg,257x196,unreviewed,,
coriander_bacterial_blight_030,Coriander,coriander_bacterial_blight,Bacterial Blight,coriander_bacterial_blight_0030.jpg,dataset\Coriander\Bacterial Blight\coriander_bacterial_blight_0030.jpg,275x183,unreviewed,,
coriander_bacterial_blight_031,Coriander,coriander_bacterial_blight,Bacterial Blight,coriander_bacterial_blight_0031.jpg,dataset\Coriander\Bacterial Blight\coriander_bacterial_blight_0031.jpg,275x183,unreviewed,,
coriander_bacterial_blight_032,Coriander,coriander_bacterial_blight,Bacterial Blight,coriander_bacterial_blight_0032.jpg,dataset\Coriander\Bacterial Blight\coriander_bacterial_blight_0032.jpg,267x189,unreviewed,,
coriander_bacterial_blight_033,Coriander,coriander_bacterial_blight,Bacterial Blight,coriander_bacterial_blight_0033.jpg,dataset\Coriander\Bacterial Blight\coriander_bacterial_blight_0033.jpg,267x189,unreviewed,,
coriander_bacterial_blight_034,Coriander,coriander_bacterial_blight,Bacterial Blight,coriander_bacterial_blight_0034.jpg,dataset\Coriander\Bacterial Blight\coriander_bacterial_blight_0034.jpg,300x168,unreviewed,,
coriander_bacterial_blight_035,Coriander,coriander_bacterial_blight,Bacterial Blight,coriander_bacterial_blight_0035.jpg,dataset\Coriander\Bacterial Blight\coriander_bacterial_blight_0035.jpg,220x148,unreviewed,,
coriander_bacterial_blight_036,Coriander,coriander_bacterial_blight,Bacterial Blight,coriander_bacterial_blight_0036.jpg,dataset\Coriander\Bacterial Blight\coriander_bacterial_blight_0036.jpg,183x275,unreviewed,,
coriander_bacterial_blight_037,Coriander,coriander_bacterial_blight,Bacterial Blight,coriander_bacterial_blight_0037.jpg,dataset\Coriander\Bacterial Blight\coriander_bacterial_blight_0037.jpg,275x183,unreviewed,,
coriander_bacterial_blight_038,Coriander,coriander_bacterial_blight,Bacterial Blight,coriander_bacterial_blight_0038.jpg,dataset\Coriander\Bacterial Blight\coriander_bacterial_blight_0038.jpg,275x183,unreviewed,,
coriander_bacterial_blight_039,Coriander,coriander_bacterial_blight,Bacterial Blight,coriander_bacterial_blight_0039.jpg,dataset\Coriander\Bacterial Blight\coriander_bacterial_blight_0039.jpg,416x121,unreviewed,,
coriander_bacterial_blight_040,Coriander,coriander_bacterial_blight,Bacterial Blight,coriander_bacterial_blight_0040.jpg,dataset\Coriander\Bacterial Blight\coriander_bacterial_blight_0040.jpg,360x140,unreviewed,,
coriander_bacterial_blight_041,Coriander,coriander_bacterial_blight,Bacterial Blight,coriander_bacterial_blight_0041.jpg,dataset\Coriander\Bacterial Blight\coriander_bacterial_blight_0041.jpg,385x131,unreviewed,,
coriander_bacterial_blight_042,Coriander,coriander_bacterial_blight,Bacterial Blight,coriander_bacterial_blight_0042.jpg,dataset\Coriander\Bacterial Blight\coriander_bacterial_blight_0042.jpg,385x131,unreviewed,,
coriander_bacterial_blight_043,Coriander,coriander_bacterial_blight,Bacterial Blight,coriander_bacterial_blight_0043.jpg,dataset\Coriander\Bacterial Blight\coriander_bacterial_blight_0043.jpg,273x185,unreviewed,,
coriander_bacterial_blight_044,Coriander,coriander_bacterial_blight,Bacterial Blight,coriander_bacterial_blight_0044.jpg,dataset\Coriander\Bacterial Blight\coriander_bacterial_blight_0044.jpg,273x185,unreviewed,,
coriander_bacterial_blight_045,Coriander,coriander_bacterial_blight,Bacterial Blight,coriander_bacterial_blight_0045.jpg,dataset\Coriander\Bacterial Blight\coriander_bacterial_blight_0045.jpg,365x506,unreviewed,,
coriander_bacterial_blight_046,Coriander,coriander_bacterial_blight,Bacterial Blight,coriander_bacterial_blight_0046.jpg,dataset\Coriander\Bacterial Blight\coriander_bacterial_blight_0046.jpg,759x822,unreviewed,,
coriander_bacterial_blight_047,Coriander,coriander_bacterial_blight,Bacterial Blight,coriander_bacterial_blight_0047.jpg,dataset\Coriander\Bacterial Blight\coriander_bacterial_blight_0047.jpg,374x462,unreviewed,,
coriander_bacterial_blight_048,Coriander,coriander_bacterial_blight,Bacterial Blight,coriander_bacterial_blight_0048.jpg,dataset\Coriander\Bacterial Blight\coriander_bacterial_blight_0048.jpg,468x302,unreviewed,,
coriander_bacterial_blight_049,Coriander,coriander_bacterial_blight,Bacterial Blight,coriander_bacterial_blight_0049.jpg,dataset\Coriander\Bacterial Blight\coriander_bacterial_blight_0049.jpg,488x338,unreviewed,,
coriander_bacterial_blight_050,Coriander,coriander_bacterial_blight,Bacterial Blight,coriander_bacterial_blight_0050.jpg,dataset\Coriander\Bacterial Blight\coriander_bacterial_blight_0050.jpg,531x277,unreviewed,,
coriander_bacterial_blight_051,Coriander,coriander_bacterial_blight,Bacterial Blight,coriander_bacterial_blight_0051.jpg,dataset\Coriander\Bacterial Blight\coriander_bacterial_blight_0051.jpg,296x220,unreviewed,,
coriander_bacterial_blight_052,Coriander,coriander_bacterial_blight,Bacterial Blight,coriander_bacterial_blight_0052.jpg,dataset\Coriander\Bacterial Blight\coriander_bacterial_blight_0052.jpg,150x215,unreviewed,,
coriander_bacterial_blight_053,Coriander,coriander_bacterial_blight,Bacterial Blight,coriander_bacterial_blight_0053.jpg,dataset\Coriander\Bacterial Blight\coriander_bacterial_blight_0053.jpg,174x130,unreviewed,,
coriander_bacterial_blight_054,Coriander,coriander_bacterial_blight,Bacterial Blight,coriander_bacterial_blight_0054.jpg,dataset\Coriander\Bacterial Blight\coriander_bacterial_blight_0054.jpg,112x314,unreviewed,,
coriander_bacterial_blight_055,Coriander,coriander_bacterial_blight,Bacterial Blight,coriander_bacterial_blight_0055.jpg,dataset\Coriander\Bacterial Blight\coriander_bacterial_blight_0055.jpg,345x196,unreviewed,,
coriander_bacterial_blight_056,Coriander,coriander_bacterial_blight,Bacterial Blight,coriander_bacterial_blight_0056.jpg,dataset\Coriander\Bacterial Blight\coriander_bacterial_blight_0056.jpg,226x188,unreviewed,,
coriander_bacterial_blight_057,Coriander,coriander_bacterial_blight,Bacterial Blight,coriander_bacterial_blight_0057.jpg,dataset\Coriander\Bacterial Blight\coriander_bacterial_blight_0057.jpg,373x493,unreviewed,,
coriander_bacterial_blight_058,Coriander,coriander_bacterial_blight,Bacterial Blight,coriander_bacterial_blight_0058.jpg,dataset\Coriander\Bacterial Blight\coriander_bacterial_blight_0058.jpg,374x211,unreviewed,,
coriander_bacterial_blight_059,Coriander,coriander_bacterial_blight,Bacterial Blight,coriander_bacterial_blight_0059.jpg,dataset\Coriander\Bacterial Blight\coriander_bacterial_blight_0059.jpg,177x288,unreviewed,,
coriander_bacterial_blight_060,Coriander,coriander_bacterial_blight,Bacterial Blight,coriander_bacterial_blight_0060.jpg,dataset\Coriander\Bacterial Blight\coriander_bacterial_blight_0060.jpg,175x211,unreviewed,,
coriander_bacterial_blight_061,Coriander,coriander_bacterial_blight,Bacterial Blight,coriander_bacterial_blight_0061.jpg,dataset\Coriander\Bacterial Blight\coriander_bacterial_blight_0061.jpg,286x196,unreviewed,,
coriander_bacterial_blight_062,Coriander,coriander_bacterial_blight,Bacterial Blight,coriander_bacterial_blight_0062.jpg,dataset\Coriander\Bacterial Blight\coriander_bacterial_blight_0062.jpg,198x173,unreviewed,,
coriander_bacterial_blight_063,Coriander,coriander_bacterial_blight,Bacterial Blight,coriander_bacterial_blight_0063.jpg,dataset\Coriander\Bacterial Blight\coriander_bacterial_blight_0063.jpg,194x204,unreviewed,,
coriander_bacterial_blight_064,Coriander,coriander_bacterial_blight,Bacterial Blight,coriander_bacterial_blight_0064.jpg,dataset\Coriander\Bacterial Blight\coriander_bacterial_blight_0064.jpg,202x131,unreviewed,,
coriander_bacterial_blight_065,Coriander,coriander_bacterial_blight,Bacterial Blight,coriander_bacterial_blight_0065.jpg,dataset\Coriander\Bacterial Blight\coriander_bacterial_blight_0065.jpg,230x145,unreviewed,,
coriander_bacterial_blight_066,Coriander,coriander_bacterial_blight,Bacterial Blight,coriander_bacterial_blight_0066.jpg,dataset\Coriander\Bacterial Blight\coriander_bacterial_blight_0066.jpg,260x270,unreviewed,,
coriander_bacterial_blight_067,Coriander,coriander_bacterial_blight,Bacterial Blight,coriander_bacterial_blight_0067.jpg,dataset\Coriander\Bacterial Blight\coriander_bacterial_blight_0067.jpg,422x181,unreviewed,,
coriander_bacterial_blight_068,Coriander,coriander_bacterial_blight,Bacterial Blight,coriander_bacterial_blight_0068.jpg,dataset\Coriander\Bacterial Blight\coriander_bacterial_blight_0068.jpg,196x313,unreviewed,,
coriander_bacterial_blight_069,Coriander,coriander_bacterial_blight,Bacterial Blight,coriander_bacterial_blight_0069.jpg,dataset\Coriander\Bacterial Blight\coriander_bacterial_blight_0069.jpg,482x261,unreviewed,,
coriander_bacterial_blight_070,Coriander,coriander_bacterial_blight,Bacterial Blight,coriander_bacterial_blight_0070.jpg,dataset\Coriander\Bacterial Blight\coriander_bacterial_blight_0070.jpg,511x447,unreviewed,,
coriander_bacterial_blight_071,Coriander,coriander_bacterial_blight,Bacterial Blight,coriander_bacterial_blight_0071.jpg,dataset\Coriander\Bacterial Blight\coriander_bacterial_blight_0071.jpg,249x236,unreviewed,,
coriander_bacterial_blight_072,Coriander,coriander_bacterial_blight,Bacterial Blight,coriander_bacterial_blight_0072.jpg,dataset\Coriander\Bacterial Blight\coriander_bacterial_blight_0072.jpg,178x169,unreviewed,,
coriander_bacterial_blight_073,Coriander,coriander_bacterial_blight,Bacterial Blight,coriander_bacterial_blight_0073.jpg,dataset\Coriander\Bacterial Blight\coriander_bacterial_blight_0073.jpg,245x229,unreviewed,,
coriander_bacterial_blight_074,Coriander,coriander_bacterial_blight,Bacterial Blight,coriander_bacterial_blight_0074.jpg,dataset\Coriander\Bacterial Blight\coriander_bacterial_blight_0074.jpg,365x313,unreviewed,,
coriander_bacterial_blight_075,Coriander,coriander_bacterial_blight,Bacterial Blight,coriander_bacterial_blight_0075.jpg,dataset\Coriander\Bacterial Blight\coriander_bacterial_blight_0075.jpg,186x191,unreviewed,,
coriander_bacterial_blight_076,Coriander,coriander_bacterial_blight,Bacterial Blight,coriander_bacterial_blight_0076.jpg,dataset\Coriander\Bacterial Blight\coriander_bacterial_blight_0076.jpg,204x150,unreviewed,,
coriander_bacterial_blight_077,Coriander,coriander_bacterial_blight,Bacterial Blight,coriander_bacterial_blight_0077.jpg,dataset\Coriander\Bacterial Blight\coriander_bacterial_blight_0077.jpg,442x276,unreviewed,,
coriander_bacterial_blight_078,Coriander,coriander_bacterial_blight,Bacterial Blight,coriander_bacterial_blight_0078.jpg,dataset\Coriander\Bacterial Blight\coriander_bacterial_blight_0078.jpg,430x283,unreviewed,,
coriander_bacterial_blight_079,Coriander,coriander_bacterial_blight,Bacterial Blight,coriander_bacterial_blight_0079.jpg,dataset\Coriander\Bacterial Blight\coriander_bacterial_blight_0079.jpg,269x302,unreviewed,,
coriander_bacterial_blight_080,Coriander,coriander_bacterial_blight,Bacterial Blight,coriander_bacterial_blight_0080.jpg,dataset\Coriander\Bacterial Blight\coriander_bacterial_blight_0080.jpg,262x247,unreviewed,,
coriander_bacterial_blight_081,Coriander,coriander_bacterial_blight,Bacterial Blight,coriander_bacterial_blight_0081.jpg,dataset\Coriander\Bacterial Blight\coriander_bacterial_blight_0081.jpg,265x293,unreviewed,,
coriander_bacterial_blight_082,Coriander,coriander_bacterial_blight,Bacterial Blight,coriander_bacterial_blight_0082.jpg,dataset\Coriander\Bacterial Blight\coriander_bacterial_blight_0082.jpg,423x477,unreviewed,,
coriander_bacterial_blight_083,Coriander,coriander_bacterial_blight,Bacterial Blight,coriander_bacterial_blight_0083.jpg,dataset\Coriander\Bacterial Blight\coriander_bacterial_blight_0083.jpg,560x378,unreviewed,,
coriander_bacterial_blight_084,Coriander,coriander_bacterial_blight,Bacterial Blight,coriander_bacterial_blight_0084.jpg,dataset\Coriander\Bacterial Blight\coriander_bacterial_blight_0084.jpg,333x302,unreviewed,,
coriander_bacterial_blight_085,Coriander,coriander_bacterial_blight,Bacterial Blight,coriander_bacterial_blight_0085.jpg,dataset\Coriander\Bacterial Blight\coriander_bacterial_blight_0085.jpg,222x288,unreviewed,,
coriander_bacterial_blight_086,Coriander,coriander_bacterial_blight,Bacterial Blight,coriander_bacterial_blight_0086.jpg,dataset\Coriander\Bacterial Blight\coriander_bacterial_blight_0086.jpg,267x420,unreviewed,,
coriander_bacterial_blight_087,Coriander,coriander_bacterial_blight,Bacterial Blight,coriander_bacterial_blight_0087.jpg,dataset\Coriander\Bacterial Blight\coriander_bacterial_blight_0087.jpg,207x371,unreviewed,,
coriander_bacterial_blight_088,Coriander,coriander_bacterial_blight,Bacterial Blight,coriander_bacterial_blight_0088.jpg,dataset\Coriander\Bacterial Blight\coriander_bacterial_blight_0088.jpg,360x360,unreviewed,,
coriander_bacterial_blight_089,Coriander,coriander_bacterial_blight,Bacterial Blight,coriander_bacterial_blight_0089.jpg,dataset\Coriander\Bacterial Blight\coriander_bacterial_blight_0089.jpg,229x185,unreviewed,,
coriander_bacterial_blight_090,Coriander,coriander_bacterial_blight,Bacterial Blight,coriander_bacterial_blight_0090.jpg,dataset\Coriander\Bacterial Blight\coriander_bacterial_blight_0090.jpg,116x344,unreviewed,,
coriander_bacterial_blight_091,Coriander,coriander_bacterial_blight,Bacterial Blight,coriander_bacterial_blight_0091.jpg,dataset\Coriander\Bacterial Blight\coriander_bacterial_blight_0091.jpg,265x199,unreviewed,,
coriander_bacterial_blight_092,Coriander,coriander_bacterial_blight,Bacterial Blight,coriander_bacterial_blight_0092.jpg,dataset\Coriander\Bacterial Blight\coriander_bacterial_blight_0092.jpg,241x172,unreviewed,,
coriander_bacterial_blight_093,Coriander,coriander_bacterial_blight,Bacterial Blight,coriander_bacterial_blight_0093.jpg,dataset\Coriander\Bacterial Blight\coriander_bacterial_blight_0093.jpg,575x325,unreviewed,,
coriander_bacterial_blight_094,Coriander,coriander_bacterial_blight,Bacterial Blight,coriander_bacterial_blight_0094.jpg,dataset\Coriander\Bacterial Blight\coriander_bacterial_blight_0094.jpg,405x578,unreviewed,,
coriander_bacterial_blight_095,Coriander,coriander_bacterial_blight,Bacterial Blight,coriander_bacterial_blight_0095.jpg,dataset\Coriander\Bacterial Blight\coriander_bacterial_blight_0095.jpg,211x254,unreviewed,,
coriander_bacterial_blight_096,Coriander,coriander_bacterial_blight,Bacterial Blight,coriander_bacterial_blight_0096.jpg,dataset\Coriander\Bacterial Blight\coriander_bacterial_blight_0096.jpg,810x615,unreviewed,,
coriander_bacterial_blight_097,Coriander,coriander_bacterial_blight,Bacterial Blight,coriander_bacterial_blight_0097.jpg,dataset\Coriander\Bacterial Blight\coriander_bacterial_blight_0097.jpg,621x392,unreviewed,,
coriander_bacterial_blight_098,Coriander,coriander_bacterial_blight,Bacterial Blight,coriander_bacterial_blight_0098.jpg,dataset\Coriander\Bacterial Blight\coriander_bacterial_blight_0098.jpg,639x406,unreviewed,,
coriander_bacterial_blight_099,Coriander,coriander_bacterial_blight,Bacterial Blight,coriander_bacterial_blight_0099.jpg,dataset\Coriander\Bacterial Blight\coriander_bacterial_blight_0099.jpg,484x441,unreviewed,,
coriander_bacterial_blight_100,Coriander,coriander_bacterial_blight,Bacterial Blight,coriander_bacterial_blight_0100.jpg,dataset\Coriander\Bacterial Blight\coriander_bacterial_blight_0100.jpg,222x220,unreviewed,,
coriander_healthy_001,Coriander,coriander_healthy,Coriander Healthy,coriander_healthy_0001.jpg,dataset\Coriander\Coriander Healthy\coriander_healthy_0001.jpg,640x480,unreviewed,,
coriander_healthy_002,Coriander,coriander_healthy,Coriander Healthy,coriander_healthy_0002.jpg,dataset\Coriander\Coriander Healthy\coriander_healthy_0002.jpg,640x480,unreviewed,,
coriander_healthy_003,Coriander,coriander_healthy,Coriander Healthy,coriander_healthy_0003.jpg,dataset\Coriander\Coriander Healthy\coriander_healthy_0003.jpg,640x480,unreviewed,,
coriander_healthy_004,Coriander,coriander_healthy,Coriander Healthy,coriander_healthy_0004.jpg,dataset\Coriander\Coriander Healthy\coriander_healthy_0004.jpg,640x480,unreviewed,,
coriander_healthy_005,Coriander,coriander_healthy,Coriander Healthy,coriander_healthy_0005.jpg,dataset\Coriander\Coriander Healthy\coriander_healthy_0005.jpg,640x480,unreviewed,,
coriander_healthy_006,Coriander,coriander_healthy,Coriander Healthy,coriander_healthy_0006.jpg,dataset\Coriander\Coriander Healthy\coriander_healthy_0006.jpg,640x480,unreviewed,,
coriander_healthy_007,Coriander,coriander_healthy,Coriander Healthy,coriander_healthy_0007.jpg,dataset\Coriander\Coriander Healthy\coriander_healthy_0007.jpg,416x416,unreviewed,,
coriander_healthy_008,Coriander,coriander_healthy,Coriander Healthy,coriander_healthy_0008.jpg,dataset\Coriander\Coriander Healthy\coriander_healthy_0008.jpg,416x416,unreviewed,,
coriander_healthy_009,Coriander,coriander_healthy,Coriander Healthy,coriander_healthy_0009.jpg,dataset\Coriander\Coriander Healthy\coriander_healthy_0009.jpg,416x416,unreviewed,,
coriander_healthy_010,Coriander,coriander_healthy,Coriander Healthy,coriander_healthy_0010.jpg,dataset\Coriander\Coriander Healthy\coriander_healthy_0010.jpg,416x416,unreviewed,,
coriander_healthy_011,Coriander,coriander_healthy,Coriander Healthy,coriander_healthy_0011.jpg,dataset\Coriander\Coriander Healthy\coriander_healthy_0011.jpg,416x416,unreviewed,,
coriander_healthy_012,Coriander,coriander_healthy,Coriander Healthy,coriander_healthy_0012.jpg,dataset\Coriander\Coriander Healthy\coriander_healthy_0012.jpg,416x416,unreviewed,,
coriander_healthy_013,Coriander,coriander_healthy,Coriander Healthy,coriander_healthy_0013.jpg,dataset\Coriander\Coriander Healthy\coriander_healthy_0013.jpg,416x416,unreviewed,,
coriander_healthy_014,Coriander,coriander_healthy,Coriander Healthy,coriander_healthy_0014.jpg,dataset\Coriander\Coriander Healthy\coriander_healthy_0014.jpg,416x416,unreviewed,,
coriander_healthy_015,Coriander,coriander_healthy,Coriander Healthy,coriander_healthy_0015.jpg,dataset\Coriander\Coriander Healthy\coriander_healthy_0015.jpg,416x416,unreviewed,,
coriander_healthy_016,Coriander,coriander_healthy,Coriander Healthy,coriander_healthy_0016.jpg,dataset\Coriander\Coriander Healthy\coriander_healthy_0016.jpg,416x416,unreviewed,,
coriander_healthy_017,Coriander,coriander_healthy,Coriander Healthy,coriander_healthy_0017.jpg,dataset\Coriander\Coriander Healthy\coriander_healthy_0017.jpg,416x416,unreviewed,,
coriander_healthy_018,Coriander,coriander_healthy,Coriander Healthy,coriander_healthy_0018.jpg,dataset\Coriander\Coriander Healthy\coriander_healthy_0018.jpg,416x416,unreviewed,,
coriander_healthy_019,Coriander,coriander_healthy,Coriander Healthy,coriander_healthy_0019.jpg,dataset\Coriander\Coriander Healthy\coriander_healthy_0019.jpg,416x416,unreviewed,,
coriander_healthy_020,Coriander,coriander_healthy,Coriander Healthy,coriander_healthy_0020.jpg,dataset\Coriander\Coriander Healthy\coriander_healthy_0020.jpg,416x416,unreviewed,,
coriander_healthy_021,Coriander,coriander_healthy,Coriander Healthy,coriander_healthy_0021.jpg,dataset\Coriander\Coriander Healthy\coriander_healthy_0021.jpg,416x416,unreviewed,,
coriander_healthy_022,Coriander,coriander_healthy,Coriander Healthy,coriander_healthy_0022.jpg,dataset\Coriander\Coriander Healthy\coriander_healthy_0022.jpg,416x416,unreviewed,,
coriander_healthy_023,Coriander,coriander_healthy,Coriander Healthy,coriander_healthy_0023.jpg,dataset\Coriander\Coriander Healthy\coriander_healthy_0023.jpg,416x416,unreviewed,,
coriander_healthy_024,Coriander,coriander_healthy,Coriander Healthy,coriander_healthy_0024.jpg,dataset\Coriander\Coriander Healthy\coriander_healthy_0024.jpg,416x416,unreviewed,,
coriander_healthy_025,Coriander,coriander_healthy,Coriander Healthy,coriander_healthy_0025.jpg,dataset\Coriander\Coriander Healthy\coriander_healthy_0025.jpg,416x416,unreviewed,,
coriander_healthy_026,Coriander,coriander_healthy,Coriander Healthy,coriander_healthy_0026.jpg,dataset\Coriander\Coriander Healthy\coriander_healthy_0026.jpg,416x416,unreviewed,,
coriander_healthy_027,Coriander,coriander_healthy,Coriander Healthy,coriander_healthy_0027.jpg,dataset\Coriander\Coriander Healthy\coriander_healthy_0027.jpg,416x416,unreviewed,,
coriander_healthy_028,Coriander,coriander_healthy,Coriander Healthy,coriander_healthy_0028.jpg,dataset\Coriander\Coriander Healthy\coriander_healthy_0028.jpg,416x416,unreviewed,,
coriander_healthy_029,Coriander,coriander_healthy,Coriander Healthy,coriander_healthy_0029.jpg,dataset\Coriander\Coriander Healthy\coriander_healthy_0029.jpg,416x416,unreviewed,,
coriander_healthy_030,Coriander,coriander_healthy,Coriander Healthy,coriander_healthy_0030.jpg,dataset\Coriander\Coriander Healthy\coriander_healthy_0030.jpg,416x416,unreviewed,,
coriander_healthy_031,Coriander,coriander_healthy,Coriander Healthy,coriander_healthy_0031.jpg,dataset\Coriander\Coriander Healthy\coriander_healthy_0031.jpg,416x416,unreviewed,,
coriander_healthy_032,Coriander,coriander_healthy,Coriander Healthy,coriander_healthy_0032.jpg,dataset\Coriander\Coriander Healthy\coriander_healthy_0032.jpg,416x416,unreviewed,,
coriander_healthy_033,Coriander,coriander_healthy,Coriander Healthy,coriander_healthy_0033.jpg,dataset\Coriander\Coriander Healthy\coriander_healthy_0033.jpg,416x416,unreviewed,,
coriander_healthy_034,Coriander,coriander_healthy,Coriander Healthy,coriander_healthy_0034.jpg,dataset\Coriander\Coriander Healthy\coriander_healthy_0034.jpg,416x416,unreviewed,,
coriander_healthy_035,Coriander,coriander_healthy,Coriander Healthy,coriander_healthy_0035.jpg,dataset\Coriander\Coriander Healthy\coriander_healthy_0035.jpg,416x416,unreviewed,,
coriander_healthy_036,Coriander,coriander_healthy,Coriander Healthy,coriander_healthy_0036.jpg,dataset\Coriander\Coriander Healthy\coriander_healthy_0036.jpg,416x416,unreviewed,,
coriander_healthy_037,Coriander,coriander_healthy,Coriander Healthy,coriander_healthy_0037.jpg,dataset\Coriander\Coriander Healthy\coriander_healthy_0037.jpg,416x416,unreviewed,,
coriander_healthy_038,Coriander,coriander_healthy,Coriander Healthy,coriander_healthy_0038.jpg,dataset\Coriander\Coriander Healthy\coriander_healthy_0038.jpg,416x416,unreviewed,,
coriander_healthy_039,Coriander,coriander_healthy,Coriander Healthy,coriander_healthy_0039.jpg,dataset\Coriander\Coriander Healthy\coriander_healthy_0039.jpg,416x416,unreviewed,,
coriander_healthy_040,Coriander,coriander_healthy,Coriander Healthy,coriander_healthy_0040.jpg,dataset\Coriander\Coriander Healthy\coriander_healthy_0040.jpg,416x416,unreviewed,,
coriander_healthy_041,Coriander,coriander_healthy,Coriander Healthy,coriander_healthy_0041.jpg,dataset\Coriander\Coriander Healthy\coriander_healthy_0041.jpg,416x416,unreviewed,,
coriander_healthy_042,Coriander,coriander_healthy,Coriander Healthy,coriander_healthy_0042.jpg,dataset\Coriander\Coriander Healthy\coriander_healthy_0042.jpg,416x416,unreviewed,,
coriander_healthy_043,Coriander,coriander_healthy,Coriander Healthy,coriander_healthy_0043.jpg,dataset\Coriander\Coriander Healthy\coriander_healthy_0043.jpg,416x416,unreviewed,,
coriander_healthy_044,Coriander,coriander_healthy,Coriander Healthy,coriander_healthy_0044.jpg,dataset\Coriander\Coriander Healthy\coriander_healthy_0044.jpg,416x416,unreviewed,,
coriander_healthy_045,Coriander,coriander_healthy,Coriander Healthy,coriander_healthy_0045.jpg,dataset\Coriander\Coriander Healthy\coriander_healthy_0045.jpg,416x416,unreviewed,,
coriander_healthy_046,Coriander,coriander_healthy,Coriander Healthy,coriander_healthy_0046.jpg,dataset\Coriander\Coriander Healthy\coriander_healthy_0046.jpg,416x416,unreviewed,,
coriander_healthy_047,Coriander,coriander_healthy,Coriander Healthy,coriander_healthy_0047.jpg,dataset\Coriander\Coriander Healthy\coriander_healthy_0047.jpg,416x416,unreviewed,,
coriander_healthy_048,Coriander,coriander_healthy,Coriander Healthy,coriander_healthy_0048.jpg,dataset\Coriander\Coriander Healthy\coriander_healthy_0048.jpg,416x416,unreviewed,,
coriander_healthy_049,Coriander,coriander_healthy,Coriander Healthy,coriander_healthy_0049.jpg,dataset\Coriander\Coriander Healthy\coriander_healthy_0049.jpg,416x416,unreviewed,,
coriander_healthy_050,Coriander,coriander_healthy,Coriander Healthy,coriander_healthy_0050.jpg,dataset\Coriander\Coriander Healthy\coriander_healthy_0050.jpg,416x416,unreviewed,,
coriander_healthy_051,Coriander,coriander_healthy,Coriander Healthy,coriander_healthy_0051.jpg,dataset\Coriander\Coriander Healthy\coriander_healthy_0051.jpg,416x416,unreviewed,,
coriander_healthy_052,Coriander,coriander_healthy,Coriander Healthy,coriander_healthy_0052.jpg,dataset\Coriander\Coriander Healthy\coriander_healthy_0052.jpg,416x416,unreviewed,,
coriander_healthy_053,Coriander,coriander_healthy,Coriander Healthy,coriander_healthy_0053.jpg,dataset\Coriander\Coriander Healthy\coriander_healthy_0053.jpg,416x416,unreviewed,,
coriander_healthy_054,Coriander,coriander_healthy,Coriander Healthy,coriander_healthy_0054.jpg,dataset\Coriander\Coriander Healthy\coriander_healthy_0054.jpg,416x416,unreviewed,,
coriander_healthy_055,Coriander,coriander_healthy,Coriander Healthy,coriander_healthy_0055.jpg,dataset\Coriander\Coriander Healthy\coriander_healthy_0055.jpg,416x416,unreviewed,,
coriander_healthy_056,Coriander,coriander_healthy,Coriander Healthy,coriander_healthy_0056.jpg,dataset\Coriander\Coriander Healthy\coriander_healthy_0056.jpg,416x416,unreviewed,,
coriander_healthy_057,Coriander,coriander_healthy,Coriander Healthy,coriander_healthy_0057.jpg,dataset\Coriander\Coriander Healthy\coriander_healthy_0057.jpg,416x416,unreviewed,,
coriander_healthy_058,Coriander,coriander_healthy,Coriander Healthy,coriander_healthy_0058.jpg,dataset\Coriander\Coriander Healthy\coriander_healthy_0058.jpg,416x416,unreviewed,,
coriander_healthy_059,Coriander,coriander_healthy,Coriander Healthy,coriander_healthy_0059.jpg,dataset\Coriander\Coriander Healthy\coriander_healthy_0059.jpg,416x416,unreviewed,,
coriander_healthy_060,Coriander,coriander_healthy,Coriander Healthy,coriander_healthy_0060.jpg,dataset\Coriander\Coriander Healthy\coriander_healthy_0060.jpg,416x416,unreviewed,,
coriander_healthy_061,Coriander,coriander_healthy,Coriander Healthy,coriander_healthy_0061.jpg,dataset\Coriander\Coriander Healthy\coriander_healthy_0061.jpg,416x416,unreviewed,,
coriander_healthy_062,Coriander,coriander_healthy,Coriander Healthy,coriander_healthy_0062.jpg,dataset\Coriander\Coriander Healthy\coriander_healthy_0062.jpg,416x416,unreviewed,,
coriander_healthy_063,Coriander,coriander_healthy,Coriander Healthy,coriander_healthy_0063.jpg,dataset\Coriander\Coriander Healthy\coriander_healthy_0063.jpg,416x416,unreviewed,,
coriander_healthy_064,Coriander,coriander_healthy,Coriander Healthy,coriander_healthy_0064.jpg,dataset\Coriander\Coriander Healthy\coriander_healthy_0064.jpg,416x416,unreviewed,,
coriander_healthy_065,Coriander,coriander_healthy,Coriander Healthy,coriander_healthy_0065.jpg,dataset\Coriander\Coriander Healthy\coriander_healthy_0065.jpg,416x416,unreviewed,,
coriander_healthy_066,Coriander,coriander_healthy,Coriander Healthy,coriander_healthy_0066.jpg,dataset\Coriander\Coriander Healthy\coriander_healthy_0066.jpg,416x416,unreviewed,,
coriander_healthy_067,Coriander,coriander_healthy,Coriander Healthy,coriander_healthy_0067.jpg,dataset\Coriander\Coriander Healthy\coriander_healthy_0067.jpg,416x416,unreviewed,,
coriander_healthy_068,Coriander,coriander_healthy,Coriander Healthy,coriander_healthy_0068.jpg,dataset\Coriander\Coriander Healthy\coriander_healthy_0068.jpg,416x416,unreviewed,,
coriander_healthy_069,Coriander,coriander_healthy,Coriander Healthy,coriander_healthy_0069.jpg,dataset\Coriander\Coriander Healthy\coriander_healthy_0069.jpg,416x416,unreviewed,,
coriander_healthy_070,Coriander,coriander_healthy,Coriander Healthy,coriander_healthy_0070.jpg,dataset\Coriander\Coriander Healthy\coriander_healthy_0070.jpg,416x416,unreviewed,,
coriander_healthy_071,Coriander,coriander_healthy,Coriander Healthy,coriander_healthy_0071.jpg,dataset\Coriander\Coriander Healthy\coriander_healthy_0071.jpg,416x416,unreviewed,,
coriander_healthy_072,Coriander,coriander_healthy,Coriander Healthy,coriander_healthy_0072.jpg,dataset\Coriander\Coriander Healthy\coriander_healthy_0072.jpg,416x416,unreviewed,,
coriander_healthy_073,Coriander,coriander_healthy,Coriander Healthy,coriander_healthy_0073.jpg,dataset\Coriander\Coriander Healthy\coriander_healthy_0073.jpg,416x416,unreviewed,,
coriander_healthy_074,Coriander,coriander_healthy,Coriander Healthy,coriander_healthy_0074.jpg,dataset\Coriander\Coriander Healthy\coriander_healthy_0074.jpg,416x416,unreviewed,,
coriander_healthy_075,Coriander,coriander_healthy,Coriander Healthy,coriander_healthy_0075.jpg,dataset\Coriander\Coriander Healthy\coriander_healthy_0075.jpg,416x416,unreviewed,,
coriander_healthy_076,Coriander,coriander_healthy,Coriander Healthy,coriander_healthy_0076.jpg,dataset\Coriander\Coriander Healthy\coriander_healthy_0076.jpg,416x416,unreviewed,,
coriander_healthy_077,Coriander,coriander_healthy,Coriander Healthy,coriander_healthy_0077.jpg,dataset\Coriander\Coriander Healthy\coriander_healthy_0077.jpg,416x416,unreviewed,,
coriander_healthy_078,Coriander,coriander_healthy,Coriander Healthy,coriander_healthy_0078.jpg,dataset\Coriander\Coriander Healthy\coriander_healthy_0078.jpg,416x416,unreviewed,,
coriander_healthy_079,Coriander,coriander_healthy,Coriander Healthy,coriander_healthy_0079.jpg,dataset\Coriander\Coriander Healthy\coriander_healthy_0079.jpg,416x416,unreviewed,,
coriander_healthy_080,Coriander,coriander_healthy,Coriander Healthy,coriander_healthy_0080.jpg,dataset\Coriander\Coriander Healthy\coriander_healthy_0080.jpg,416x416,unreviewed,,
coriander_healthy_081,Coriander,coriander_healthy,Coriander Healthy,coriander_healthy_0081.jpg,dataset\Coriander\Coriander Healthy\coriander_healthy_0081.jpg,416x416,unreviewed,,
coriander_healthy_082,Coriander,coriander_healthy,Coriander Healthy,coriander_healthy_0082.jpg,dataset\Coriander\Coriander Healthy\coriander_healthy_0082.jpg,416x416,unreviewed,,
coriander_healthy_083,Coriander,coriander_healthy,Coriander Healthy,coriander_healthy_0083.jpg,dataset\Coriander\Coriander Healthy\coriander_healthy_0083.jpg,416x416,unreviewed,,
coriander_healthy_084,Coriander,coriander_healthy,Coriander Healthy,coriander_healthy_0084.jpg,dataset\Coriander\Coriander Healthy\coriander_healthy_0084.jpg,416x416,unreviewed,,
coriander_healthy_085,Coriander,coriander_healthy,Coriander Healthy,coriander_healthy_0085.jpg,dataset\Coriander\Coriander Healthy\coriander_healthy_0085.jpg,416x416,unreviewed,,
coriander_healthy_086,Coriander,coriander_healthy,Coriander Healthy,coriander_healthy_0086.jpg,dataset\Coriander\Coriander Healthy\coriander_healthy_0086.jpg,416x416,unreviewed,,
coriander_healthy_087,Coriander,coriander_healthy,Coriander Healthy,coriander_healthy_0087.jpg,dataset\Coriander\Coriander Healthy\coriander_healthy_0087.jpg,416x416,unreviewed,,
coriander_healthy_088,Coriander,coriander_healthy,Coriander Healthy,coriander_healthy_0088.jpg,dataset\Coriander\Coriander Healthy\coriander_healthy_0088.jpg,416x416,unreviewed,,
coriander_healthy_089,Coriander,coriander_healthy,Coriander Healthy,coriander_healthy_0089.jpg,dataset\Coriander\Coriander Healthy\coriander_healthy_0089.jpg,250x250,unreviewed,,
coriander_healthy_090,Coriander,coriander_healthy,Coriander Healthy,coriander_healthy_0090.jpg,dataset\Coriander\Coriander Healthy\coriander_healthy_0090.jpg,250x250,unreviewed,,
coriander_healthy_091,Coriander,coriander_healthy,Coriander Healthy,coriander_healthy_0091.jpg,dataset\Coriander\Coriander Healthy\coriander_healthy_0091.jpg,250x250,unreviewed,,
coriander_healthy_092,Coriander,coriander_healthy,Coriander Healthy,coriander_healthy_0092.jpg,dataset\Coriander\Coriander Healthy\coriander_healthy_0092.jpg,250x250,unreviewed,,
coriander_healthy_093,Coriander,coriander_healthy,Coriander Healthy,coriander_healthy_0093.jpg,dataset\Coriander\Coriander Healthy\coriander_healthy_0093.jpg,250x250,unreviewed,,
coriander_healthy_094,Coriander,coriander_healthy,Coriander Healthy,coriander_healthy_0094.jpg,dataset\Coriander\Coriander Healthy\coriander_healthy_0094.jpg,250x250,unreviewed,,
coriander_healthy_095,Coriander,coriander_healthy,Coriander Healthy,coriander_healthy_0095.jpg,dataset\Coriander\Coriander Healthy\coriander_healthy_0095.jpg,250x250,unreviewed,,
coriander_healthy_096,Coriander,coriander_healthy,Coriander Healthy,coriander_healthy_0096.jpg,dataset\Coriander\Coriander Healthy\coriander_healthy_0096.jpg,250x250,unreviewed,,
coriander_healthy_097,Coriander,coriander_healthy,Coriander Healthy,coriander_healthy_0097.jpg,dataset\Coriander\Coriander Healthy\coriander_healthy_0097.jpg,250x250,unreviewed,,
coriander_healthy_098,Coriander,coriander_healthy,Coriander Healthy,coriander_healthy_0098.jpg,dataset\Coriander\Coriander Healthy\coriander_healthy_0098.jpg,250x250,unreviewed,,
coriander_healthy_099,Coriander,coriander_healthy,Coriander Healthy,coriander_healthy_0099.jpg,dataset\Coriander\Coriander Healthy\coriander_healthy_0099.jpg,250x250,unreviewed,,
coriander_healthy_100,Coriander,coriander_healthy,Coriander Healthy,coriander_healthy_0100.jpg,dataset\Coriander\Coriander Healthy\coriander_healthy_0100.jpg,250x250,unreviewed,,
coriander_powdery_mildew_001,Coriander,coriander_powdery_mildew,Powdery Mildew,coriander_powdery_mildew_0001.jpg,dataset\Coriander\Powdery Mildew\coriander_powdery_mildew_0001.jpg,460x395,unreviewed,,
coriander_powdery_mildew_002,Coriander,coriander_powdery_mildew,Powdery Mildew,coriander_powdery_mildew_0002.jpg,dataset\Coriander\Powdery Mildew\coriander_powdery_mildew_0002.jpg,460x395,unreviewed,,
coriander_powdery_mildew_003,Coriander,coriander_powdery_mildew,Powdery Mildew,coriander_powdery_mildew_0003.jpg,dataset\Coriander\Powdery Mildew\coriander_powdery_mildew_0003.jpg,382x301,unreviewed,,
coriander_powdery_mildew_004,Coriander,coriander_powdery_mildew,Powdery Mildew,coriander_powdery_mildew_0004.jpg,dataset\Coriander\Powdery Mildew\coriander_powdery_mildew_0004.jpg,457x445,unreviewed,,
coriander_powdery_mildew_005,Coriander,coriander_powdery_mildew,Powdery Mildew,coriander_powdery_mildew_0005.jpg,dataset\Coriander\Powdery Mildew\coriander_powdery_mildew_0005.jpg,166x182,unreviewed,,
coriander_powdery_mildew_006,Coriander,coriander_powdery_mildew,Powdery Mildew,coriander_powdery_mildew_0006.jpg,dataset\Coriander\Powdery Mildew\coriander_powdery_mildew_0006.jpg,422x288,unreviewed,,
coriander_powdery_mildew_007,Coriander,coriander_powdery_mildew,Powdery Mildew,coriander_powdery_mildew_0007.jpg,dataset\Coriander\Powdery Mildew\coriander_powdery_mildew_0007.jpg,273x287,unreviewed,,
coriander_powdery_mildew_008,Coriander,coriander_powdery_mildew,Powdery Mildew,coriander_powdery_mildew_0008.jpg,dataset\Coriander\Powdery Mildew\coriander_powdery_mildew_0008.jpg,307x302,unreviewed,,
coriander_powdery_mildew_009,Coriander,coriander_powdery_mildew,Powdery Mildew,coriander_powdery_mildew_0009.jpg,dataset\Coriander\Powdery Mildew\coriander_powdery_mildew_0009.jpg,222x145,unreviewed,,
coriander_powdery_mildew_010,Coriander,coriander_powdery_mildew,Powdery Mildew,coriander_powdery_mildew_0010.jpg,dataset\Coriander\Powdery Mildew\coriander_powdery_mildew_0010.jpg,335x225,unreviewed,,
coriander_powdery_mildew_011,Coriander,coriander_powdery_mildew,Powdery Mildew,coriander_powdery_mildew_0011.jpg,dataset\Coriander\Powdery Mildew\coriander_powdery_mildew_0011.jpg,235x177,unreviewed,,
coriander_powdery_mildew_012,Coriander,coriander_powdery_mildew,Powdery Mildew,coriander_powdery_mildew_0012.jpg,dataset\Coriander\Powdery Mildew\coriander_powdery_mildew_0012.jpg,207x192,unreviewed,,
coriander_powdery_mildew_013,Coriander,coriander_powdery_mildew,Powdery Mildew,coriander_powdery_mildew_0013.jpg,dataset\Coriander\Powdery Mildew\coriander_powdery_mildew_0013.jpg,285x186,unreviewed,,
coriander_powdery_mildew_014,Coriander,coriander_powdery_mildew,Powdery Mildew,coriander_powdery_mildew_0014.jpg,dataset\Coriander\Powdery Mildew\coriander_powdery_mildew_0014.jpg,322x262,unreviewed,,
coriander_powdery_mildew_015,Coriander,coriander_powdery_mildew,Powdery Mildew,coriander_powdery_mildew_0015.jpg,dataset\Coriander\Powdery Mildew\coriander_powdery_mildew_0015.jpg,308x247,unreviewed,,
coriander_powdery_mildew_016,Coriander,coriander_powdery_mildew,Powdery Mildew,coriander_powdery_mildew_0016.jpg,dataset\Coriander\Powdery Mildew\coriander_powdery_mildew_0016.jpg,167x123,unreviewed,,
coriander_powdery_mildew_017,Coriander,coriander_powdery_mildew,Powdery Mildew,coriander_powdery_mildew_0017.jpg,dataset\Coriander\Powdery Mildew\coriander_powdery_mildew_0017.jpg,182x197,unreviewed,,
coriander_powdery_mildew_018,Coriander,coriander_powdery_mildew,Powdery Mildew,coriander_powdery_mildew_0018.jpg,dataset\Coriander\Powdery Mildew\coriander_powdery_mildew_0018.jpg,171x122,unreviewed,,
coriander_powdery_mildew_019,Coriander,coriander_powdery_mildew,Powdery Mildew,coriander_powdery_mildew_0019.jpg,dataset\Coriander\Powdery Mildew\coriander_powdery_mildew_0019.jpg,140x85,unreviewed,,
coriander_powdery_mildew_020,Coriander,coriander_powdery_mildew,Powdery Mildew,coriander_powdery_mildew_0020.jpg,dataset\Coriander\Powdery Mildew\coriander_powdery_mildew_0020.jpg,253x212,unreviewed,,
coriander_powdery_mildew_021,Coriander,coriander_powdery_mildew,Powdery Mildew,coriander_powdery_mildew_0021.jpg,dataset\Coriander\Powdery Mildew\coriander_powdery_mildew_0021.jpg,275x216,unreviewed,,
coriander_powdery_mildew_022,Coriander,coriander_powdery_mildew,Powdery Mildew,coriander_powdery_mildew_0022.jpg,dataset\Coriander\Powdery Mildew\coriander_powdery_mildew_0022.jpg,257x328,unreviewed,,
coriander_powdery_mildew_023,Coriander,coriander_powdery_mildew,Powdery Mildew,coriander_powdery_mildew_0023.jpg,dataset\Coriander\Powdery Mildew\coriander_powdery_mildew_0023.jpg,435x298,unreviewed,,
coriander_powdery_mildew_024,Coriander,coriander_powdery_mildew,Powdery Mildew,coriander_powdery_mildew_0024.jpg,dataset\Coriander\Powdery Mildew\coriander_powdery_mildew_0024.jpg,152x176,unreviewed,,
coriander_powdery_mildew_025,Coriander,coriander_powdery_mildew,Powdery Mildew,coriander_powdery_mildew_0025.jpg,dataset\Coriander\Powdery Mildew\coriander_powdery_mildew_0025.jpg,282x373,unreviewed,,
coriander_powdery_mildew_026,Coriander,coriander_powdery_mildew,Powdery Mildew,coriander_powdery_mildew_0026.jpg,dataset\Coriander\Powdery Mildew\coriander_powdery_mildew_0026.jpg,148x210,unreviewed,,
coriander_powdery_mildew_027,Coriander,coriander_powdery_mildew,Powdery Mildew,coriander_powdery_mildew_0027.jpg,dataset\Coriander\Powdery Mildew\coriander_powdery_mildew_0027.jpg,171x247,unreviewed,,
coriander_powdery_mildew_028,Coriander,coriander_powdery_mildew,Powdery Mildew,coriander_powdery_mildew_0028.jpg,dataset\Coriander\Powdery Mildew\coriander_powdery_mildew_0028.jpg,681x352,unreviewed,,
coriander_powdery_mildew_029,Coriander,coriander_powdery_mildew,Powdery Mildew,coriander_powdery_mildew_0029.jpg,dataset\Coriander\Powdery Mildew\coriander_powdery_mildew_0029.jpg,311x371,unreviewed,,
coriander_powdery_mildew_030,Coriander,coriander_powdery_mildew,Powdery Mildew,coriander_powdery_mildew_0030.jpg,dataset\Coriander\Powdery Mildew\coriander_powdery_mildew_0030.jpg,712x188,unreviewed,,
coriander_powdery_mildew_031,Coriander,coriander_powdery_mildew,Powdery Mildew,coriander_powdery_mildew_0031.jpeg,dataset\Coriander\Powdery Mildew\coriander_powdery_mildew_0031.jpeg,271x185,unreviewed,,
coriander_powdery_mildew_032,Coriander,coriander_powdery_mildew,Powdery Mildew,coriander_powdery_mildew_0032.jpeg,dataset\Coriander\Powdery Mildew\coriander_powdery_mildew_0032.jpeg,432x218,unreviewed,,
coriander_powdery_mildew_033,Coriander,coriander_powdery_mildew,Powdery Mildew,coriander_powdery_mildew_0033.jpeg,dataset\Coriander\Powdery Mildew\coriander_powdery_mildew_0033.jpeg,432x218,unreviewed,,
coriander_powdery_mildew_034,Coriander,coriander_powdery_mildew,Powdery Mildew,coriander_powdery_mildew_0034.jpeg,dataset\Coriander\Powdery Mildew\coriander_powdery_mildew_0034.jpeg,432x218,unreviewed,,
coriander_powdery_mildew_035,Coriander,coriander_powdery_mildew,Powdery Mildew,coriander_powdery_mildew_0035.jpeg,dataset\Coriander\Powdery Mildew\coriander_powdery_mildew_0035.jpeg,432x218,unreviewed,,
coriander_powdery_mildew_036,Coriander,coriander_powdery_mildew,Powdery Mildew,coriander_powdery_mildew_0036.jpeg,dataset\Coriander\Powdery Mildew\coriander_powdery_mildew_0036.jpeg,460x395,unreviewed,,
coriander_powdery_mildew_037,Coriander,coriander_powdery_mildew,Powdery Mildew,coriander_powdery_mildew_0037.jpeg,dataset\Coriander\Powdery Mildew\coriander_powdery_mildew_0037.jpeg,460x395,unreviewed,,
coriander_powdery_mildew_038,Coriander,coriander_powdery_mildew,Powdery Mildew,coriander_powdery_mildew_0038.jpeg,dataset\Coriander\Powdery Mildew\coriander_powdery_mildew_0038.jpeg,108x108,unreviewed,,
coriander_powdery_mildew_039,Coriander,coriander_powdery_mildew,Powdery Mildew,coriander_powdery_mildew_0039.jpeg,dataset\Coriander\Powdery Mildew\coriander_powdery_mildew_0039.jpeg,108x108,unreviewed,,
coriander_powdery_mildew_040,Coriander,coriander_powdery_mildew,Powdery Mildew,coriander_powdery_mildew_0040.jpeg,dataset\Coriander\Powdery Mildew\coriander_powdery_mildew_0040.jpeg,612x408,unreviewed,,
coriander_powdery_mildew_041,Coriander,coriander_powdery_mildew,Powdery Mildew,coriander_powdery_mildew_0041.jpeg,dataset\Coriander\Powdery Mildew\coriander_powdery_mildew_0041.jpeg,612x408,unreviewed,,
coriander_powdery_mildew_042,Coriander,coriander_powdery_mildew,Powdery Mildew,coriander_powdery_mildew_0042.jpeg,dataset\Coriander\Powdery Mildew\coriander_powdery_mildew_0042.jpeg,272x185,unreviewed,,
coriander_powdery_mildew_043,Coriander,coriander_powdery_mildew,Powdery Mildew,coriander_powdery_mildew_0043.jpeg,dataset\Coriander\Powdery Mildew\coriander_powdery_mildew_0043.jpeg,272x185,unreviewed,,
coriander_powdery_mildew_044,Coriander,coriander_powdery_mildew,Powdery Mildew,coriander_powdery_mildew_0044.jpeg,dataset\Coriander\Powdery Mildew\coriander_powdery_mildew_0044.jpeg,194x259,unreviewed,,
coriander_powdery_mildew_045,Coriander,coriander_powdery_mildew,Powdery Mildew,coriander_powdery_mildew_0045.jpeg,dataset\Coriander\Powdery Mildew\coriander_powdery_mildew_0045.jpeg,194x259,unreviewed,,
coriander_powdery_mildew_046,Coriander,coriander_powdery_mildew,Powdery Mildew,coriander_powdery_mildew_0046.jpeg,dataset\Coriander\Powdery Mildew\coriander_powdery_mildew_0046.jpeg,376x750,unreviewed,,
coriander_powdery_mildew_047,Coriander,coriander_powdery_mildew,Powdery Mildew,coriander_powdery_mildew_0047.jpeg,dataset\Coriander\Powdery Mildew\coriander_powdery_mildew_0047.jpeg,376x750,unreviewed,,
coriander_powdery_mildew_048,Coriander,coriander_powdery_mildew,Powdery Mildew,coriander_powdery_mildew_0048.jpeg,dataset\Coriander\Powdery Mildew\coriander_powdery_mildew_0048.jpeg,389x280,unreviewed,,
coriander_powdery_mildew_049,Coriander,coriander_powdery_mildew,Powdery Mildew,coriander_powdery_mildew_0049.jpeg,dataset\Coriander\Powdery Mildew\coriander_powdery_mildew_0049.jpeg,389x280,unreviewed,,
coriander_powdery_mildew_050,Coriander,coriander_powdery_mildew,Powdery Mildew,coriander_powdery_mildew_0050.jpeg,dataset\Coriander\Powdery Mildew\coriander_powdery_mildew_0050.jpeg,447x447,unreviewed,,
coriander_powdery_mildew_051,Coriander,coriander_powdery_mildew,Powdery Mildew,coriander_powdery_mildew_0051.jpeg,dataset\Coriander\Powdery Mildew\coriander_powdery_mildew_0051.jpeg,447x447,unreviewed,,
coriander_powdery_mildew_052,Coriander,coriander_powdery_mildew,Powdery Mildew,coriander_powdery_mildew_0052.jpeg,dataset\Coriander\Powdery Mildew\coriander_powdery_mildew_0052.jpeg,335x597,unreviewed,,
coriander_powdery_mildew_053,Coriander,coriander_powdery_mildew,Powdery Mildew,coriander_powdery_mildew_0053.jpeg,dataset\Coriander\Powdery Mildew\coriander_powdery_mildew_0053.jpeg,335x597,unreviewed,,
coriander_powdery_mildew_054,Coriander,coriander_powdery_mildew,Powdery Mildew,coriander_powdery_mildew_0054.jpeg,dataset\Coriander\Powdery Mildew\coriander_powdery_mildew_0054.jpeg,576x384,unreviewed,,
coriander_powdery_mildew_055,Coriander,coriander_powdery_mildew,Powdery Mildew,coriander_powdery_mildew_0055.jpeg,dataset\Coriander\Powdery Mildew\coriander_powdery_mildew_0055.jpeg,576x384,unreviewed,,
coriander_powdery_mildew_056,Coriander,coriander_powdery_mildew,Powdery Mildew,coriander_powdery_mildew_0056.jpeg,dataset\Coriander\Powdery Mildew\coriander_powdery_mildew_0056.jpeg,447x447,unreviewed,,
coriander_powdery_mildew_057,Coriander,coriander_powdery_mildew,Powdery Mildew,coriander_powdery_mildew_0057.jpeg,dataset\Coriander\Powdery Mildew\coriander_powdery_mildew_0057.jpeg,447x447,unreviewed,,
coriander_powdery_mildew_058,Coriander,coriander_powdery_mildew,Powdery Mildew,coriander_powdery_mildew_0058.jpeg,dataset\Coriander\Powdery Mildew\coriander_powdery_mildew_0058.jpeg,432x218,unreviewed,,
coriander_powdery_mildew_059,Coriander,coriander_powdery_mildew,Powdery Mildew,coriander_powdery_mildew_0059.jpeg,dataset\Coriander\Powdery Mildew\coriander_powdery_mildew_0059.jpeg,432x218,unreviewed,,
coriander_powdery_mildew_060,Coriander,coriander_powdery_mildew,Powdery Mildew,coriander_powdery_mildew_0060.jpeg,dataset\Coriander\Powdery Mildew\coriander_powdery_mildew_0060.jpeg,108x108,unreviewed,,
coriander_powdery_mildew_061,Coriander,coriander_powdery_mildew,Powdery Mildew,coriander_powdery_mildew_0061.jpeg,dataset\Coriander\Powdery Mildew\coriander_powdery_mildew_0061.jpeg,108x108,unreviewed,,
coriander_powdery_mildew_062,Coriander,coriander_powdery_mildew,Powdery Mildew,coriander_powdery_mildew_0062.jpeg,dataset\Coriander\Powdery Mildew\coriander_powdery_mildew_0062.jpeg,480x640,unreviewed,,
coriander_powdery_mildew_063,Coriander,coriander_powdery_mildew,Powdery Mildew,coriander_powdery_mildew_0063.jpeg,dataset\Coriander\Powdery Mildew\coriander_powdery_mildew_0063.jpeg,480x640,unreviewed,,
coriander_powdery_mildew_064,Coriander,coriander_powdery_mildew,Powdery Mildew,coriander_powdery_mildew_0064.jpeg,dataset\Coriander\Powdery Mildew\coriander_powdery_mildew_0064.jpeg,108x108,unreviewed,,
coriander_powdery_mildew_065,Coriander,coriander_powdery_mildew,Powdery Mildew,coriander_powdery_mildew_0065.jpeg,dataset\Coriander\Powdery Mildew\coriander_powdery_mildew_0065.jpeg,108x108,unreviewed,,
coriander_powdery_mildew_066,Coriander,coriander_powdery_mildew,Powdery Mildew,coriander_powdery_mildew_0066.jpeg,dataset\Coriander\Powdery Mildew\coriander_powdery_mildew_0066.jpeg,460x395,unreviewed,,
coriander_powdery_mildew_067,Coriander,coriander_powdery_mildew,Powdery Mildew,coriander_powdery_mildew_0067.jpeg,dataset\Coriander\Powdery Mildew\coriander_powdery_mildew_0067.jpeg,460x395,unreviewed,,
coriander_powdery_mildew_068,Coriander,coriander_powdery_mildew,Powdery Mildew,coriander_powdery_mildew_0068.jpeg,dataset\Coriander\Powdery Mildew\coriander_powdery_mildew_0068.jpeg,390x280,unreviewed,,
coriander_powdery_mildew_069,Coriander,coriander_powdery_mildew,Powdery Mildew,coriander_powdery_mildew_0069.jpeg,dataset\Coriander\Powdery Mildew\coriander_powdery_mildew_0069.jpeg,390x280,unreviewed,,
coriander_powdery_mildew_070,Coriander,coriander_powdery_mildew,Powdery Mildew,coriander_powdery_mildew_0070.jpeg,dataset\Coriander\Powdery Mildew\coriander_powdery_mildew_0070.jpeg,447x447,unreviewed,,
coriander_powdery_mildew_071,Coriander,coriander_powdery_mildew,Powdery Mildew,coriander_powdery_mildew_0071.jpeg,dataset\Coriander\Powdery Mildew\coriander_powdery_mildew_0071.jpeg,447x447,unreviewed,,
coriander_powdery_mildew_072,Coriander,coriander_powdery_mildew,Powdery Mildew,coriander_powdery_mildew_0072.jpeg,dataset\Coriander\Powdery Mildew\coriander_powdery_mildew_0072.jpeg,335x597,unreviewed,,
coriander_powdery_mildew_073,Coriander,coriander_powdery_mildew,Powdery Mildew,coriander_powdery_mildew_0073.jpeg,dataset\Coriander\Powdery Mildew\coriander_powdery_mildew_0073.jpeg,335x597,unreviewed,,
coriander_powdery_mildew_074,Coriander,coriander_powdery_mildew,Powdery Mildew,coriander_powdery_mildew_0074.jpeg,dataset\Coriander\Powdery Mildew\coriander_powdery_mildew_0074.jpeg,222x299,unreviewed,,
coriander_powdery_mildew_075,Coriander,coriander_powdery_mildew,Powdery Mildew,coriander_powdery_mildew_0075.jpeg,dataset\Coriander\Powdery Mildew\coriander_powdery_mildew_0075.jpeg,222x299,unreviewed,,
coriander_powdery_mildew_076,Coriander,coriander_powdery_mildew,Powdery Mildew,coriander_powdery_mildew_0076.jpeg,dataset\Coriander\Powdery Mildew\coriander_powdery_mildew_0076.jpeg,335x597,unreviewed,,
coriander_powdery_mildew_077,Coriander,coriander_powdery_mildew,Powdery Mildew,coriander_powdery_mildew_0077.jpeg,dataset\Coriander\Powdery Mildew\coriander_powdery_mildew_0077.jpeg,335x597,unreviewed,,
coriander_powdery_mildew_078,Coriander,coriander_powdery_mildew,Powdery Mildew,coriander_powdery_mildew_0078.jpeg,dataset\Coriander\Powdery Mildew\coriander_powdery_mildew_0078.jpeg,376x750,unreviewed,,
coriander_powdery_mildew_079,Coriander,coriander_powdery_mildew,Powdery Mildew,coriander_powdery_mildew_0079.jpeg,dataset\Coriander\Powdery Mildew\coriander_powdery_mildew_0079.jpeg,376x750,unreviewed,,
coriander_powdery_mildew_080,Coriander,coriander_powdery_mildew,Powdery Mildew,coriander_powdery_mildew_0080.jpeg,dataset\Coriander\Powdery Mildew\coriander_powdery_mildew_0080.jpeg,386x771,unreviewed,,
coriander_powdery_mildew_081,Coriander,coriander_powdery_mildew,Powdery Mildew,coriander_powdery_mildew_0081.jpeg,dataset\Coriander\Powdery Mildew\coriander_powdery_mildew_0081.jpeg,386x771,unreviewed,,
coriander_powdery_mildew_082,Coriander,coriander_powdery_mildew,Powdery Mildew,coriander_powdery_mildew_0082.jpeg,dataset\Coriander\Powdery Mildew\coriander_powdery_mildew_0082.jpeg,554x554,unreviewed,,
coriander_powdery_mildew_083,Coriander,coriander_powdery_mildew,Powdery Mildew,coriander_powdery_mildew_0083.jpeg,dataset\Coriander\Powdery Mildew\coriander_powdery_mildew_0083.jpeg,554x554,unreviewed,,
coriander_powdery_mildew_084,Coriander,coriander_powdery_mildew,Powdery Mildew,coriander_powdery_mildew_0084.jpeg,dataset\Coriander\Powdery Mildew\coriander_powdery_mildew_0084.jpeg,386x771,unreviewed,,
coriander_powdery_mildew_085,Coriander,coriander_powdery_mildew,Powdery Mildew,coriander_powdery_mildew_0085.jpeg,dataset\Coriander\Powdery Mildew\coriander_powdery_mildew_0085.jpeg,386x771,unreviewed,,
coriander_powdery_mildew_086,Coriander,coriander_powdery_mildew,Powdery Mildew,coriander_powdery_mildew_0086.jpeg,dataset\Coriander\Powdery Mildew\coriander_powdery_mildew_0086.jpeg,390x280,unreviewed,,
coriander_powdery_mildew_087,Coriander,coriander_powdery_mildew,Powdery Mildew,coriander_powdery_mildew_0087.jpeg,dataset\Coriander\Powdery Mildew\coriander_powdery_mildew_0087.jpeg,390x280,unreviewed,,
coriander_powdery_mildew_088,Coriander,coriander_powdery_mildew,Powdery Mildew,coriander_powdery_mildew_0088.jpeg,dataset\Coriander\Powdery Mildew\coriander_powdery_mildew_0088.jpeg,386x771,unreviewed,,
coriander_powdery_mildew_089,Coriander,coriander_powdery_mildew,Powdery Mildew,coriander_powdery_mildew_0089.jpeg,dataset\Coriander\Powdery Mildew\coriander_powdery_mildew_0089.jpeg,386x771,unreviewed,,
coriander_powdery_mildew_090,Coriander,coriander_powdery_mildew,Powdery Mildew,coriander_powdery_mildew_0090.jpeg,dataset\Coriander\Powdery Mildew\coriander_powdery_mildew_0090.jpeg,376x750,unreviewed,,
coriander_powdery_mildew_091,Coriander,coriander_powdery_mildew,Powdery Mildew,coriander_powdery_mildew_0091.jpeg,dataset\Coriander\Powdery Mildew\coriander_powdery_mildew_0091.jpeg,376x750,unreviewed,,
coriander_powdery_mildew_092,Coriander,coriander_powdery_mildew,Powdery Mildew,coriander_powdery_mildew_0092.jpeg,dataset\Coriander\Powdery Mildew\coriander_powdery_mildew_0092.jpeg,447x447,unreviewed,,
coriander_powdery_mildew_093,Coriander,coriander_powdery_mildew,Powdery Mildew,coriander_powdery_mildew_0093.jpeg,dataset\Coriander\Powdery Mildew\coriander_powdery_mildew_0093.jpeg,447x447,unreviewed,,
coriander_powdery_mildew_094,Coriander,coriander_powdery_mildew,Powdery Mildew,coriander_powdery_mildew_0094.jpeg,dataset\Coriander\Powdery Mildew\coriander_powdery_mildew_0094.jpeg,194x259,unreviewed,,
coriander_powdery_mildew_095,Coriander,coriander_powdery_mildew,Powdery Mildew,coriander_powdery_mildew_0095.jpeg,dataset\Coriander\Powdery Mildew\coriander_powdery_mildew_0095.jpeg,194x259,unreviewed,,
coriander_powdery_mildew_096,Coriander,coriander_powdery_mildew,Powdery Mildew,coriander_powdery_mildew_0096.jpeg,dataset\Coriander\Powdery Mildew\coriander_powdery_mildew_0096.jpeg,386x771,unreviewed,,
coriander_powdery_mildew_097,Coriander,coriander_powdery_mildew,Powdery Mildew,coriander_powdery_mildew_0097.jpeg,dataset\Coriander\Powdery Mildew\coriander_powdery_mildew_0097.jpeg,386x771,unreviewed,,
coriander_powdery_mildew_098,Coriander,coriander_powdery_mildew,Powdery Mildew,coriander_powdery_mildew_0098.jpeg,dataset\Coriander\Powdery Mildew\coriander_powdery_mildew_0098.jpeg,432x218,unreviewed,,
coriander_powdery_mildew_099,Coriander,coriander_powdery_mildew,Powdery Mildew,coriander_powdery_mildew_0099.jpeg,dataset\Coriander\Powdery Mildew\coriander_powdery_mildew_0099.jpeg,432x218,unreviewed,,
coriander_powdery_mildew_100,Coriander,coriander_powdery_mildew,Powdery Mildew,coriander_powdery_mildew_0100.jpeg,dataset\Coriander\Powdery Mildew\coriander_powdery_mildew_0100.jpeg,271x185,unreviewed,,
fenugreek_bacterial_blight_001,Fenugreek,fenugreek_bacterial_blight,Bacterial blight,fenugreek_bacterial_blight_0001.jpg,dataset\Fenugreek\Bacterial blight\fenugreek_bacterial_blight_0001.jpg,470x320,unreviewed,,
fenugreek_bacterial_blight_002,Fenugreek,fenugreek_bacterial_blight,Bacterial blight,fenugreek_bacterial_blight_0002.jpg,dataset\Fenugreek\Bacterial blight\fenugreek_bacterial_blight_0002.jpg,190x266,unreviewed,,
fenugreek_bacterial_blight_003,Fenugreek,fenugreek_bacterial_blight,Bacterial blight,fenugreek_bacterial_blight_0003.jpg,dataset\Fenugreek\Bacterial blight\fenugreek_bacterial_blight_0003.jpg,190x266,unreviewed,,
fenugreek_bacterial_blight_004,Fenugreek,fenugreek_bacterial_blight,Bacterial blight,fenugreek_bacterial_blight_0004.jpg,dataset\Fenugreek\Bacterial blight\fenugreek_bacterial_blight_0004.jpg,156x322,unreviewed,,
fenugreek_bacterial_blight_005,Fenugreek,fenugreek_bacterial_blight,Bacterial blight,fenugreek_bacterial_blight_0005.jpg,dataset\Fenugreek\Bacterial blight\fenugreek_bacterial_blight_0005.jpg,156x322,unreviewed,,
fenugreek_bacterial_blight_006,Fenugreek,fenugreek_bacterial_blight,Bacterial blight,fenugreek_bacterial_blight_0006.jpg,dataset\Fenugreek\Bacterial blight\fenugreek_bacterial_blight_0006.jpg,221x228,unreviewed,,
fenugreek_bacterial_blight_007,Fenugreek,fenugreek_bacterial_blight,Bacterial blight,fenugreek_bacterial_blight_0007.jpg,dataset\Fenugreek\Bacterial blight\fenugreek_bacterial_blight_0007.jpg,221x228,unreviewed,,
fenugreek_bacterial_blight_008,Fenugreek,fenugreek_bacterial_blight,Bacterial blight,fenugreek_bacterial_blight_0008.jpg,dataset\Fenugreek\Bacterial blight\fenugreek_bacterial_blight_0008.jpg,290x174,unreviewed,,
fenugreek_bacterial_blight_009,Fenugreek,fenugreek_bacterial_blight,Bacterial blight,fenugreek_bacterial_blight_0009.jpg,dataset\Fenugreek\Bacterial blight\fenugreek_bacterial_blight_0009.jpg,290x174,unreviewed,,
fenugreek_bacterial_blight_010,Fenugreek,fenugreek_bacterial_blight,Bacterial blight,fenugreek_bacterial_blight_0010.jpg,dataset\Fenugreek\Bacterial blight\fenugreek_bacterial_blight_0010.jpg,156x322,unreviewed,,
fenugreek_bacterial_blight_011,Fenugreek,fenugreek_bacterial_blight,Bacterial blight,fenugreek_bacterial_blight_0011.jpg,dataset\Fenugreek\Bacterial blight\fenugreek_bacterial_blight_0011.jpg,156x322,unreviewed,,
fenugreek_bacterial_blight_012,Fenugreek,fenugreek_bacterial_blight,Bacterial blight,fenugreek_bacterial_blight_0012.jpg,dataset\Fenugreek\Bacterial blight\fenugreek_bacterial_blight_0012.jpg,272x185,unreviewed,,
fenugreek_bacterial_blight_013,Fenugreek,fenugreek_bacterial_blight,Bacterial blight,fenugreek_bacterial_blight_0013.jpg,dataset\Fenugreek\Bacterial blight\fenugreek_bacterial_blight_0013.jpg,272x185,unreviewed,,
fenugreek_bacterial_blight_014,Fenugreek,fenugreek_bacterial_blight,Bacterial blight,fenugreek_bacterial_blight_0014.jpg,dataset\Fenugreek\Bacterial blight\fenugreek_bacterial_blight_0014.jpg,237x213,unreviewed,,
fenugreek_bacterial_blight_015,Fenugreek,fenugreek_bacterial_blight,Bacterial blight,fenugreek_bacterial_blight_0015.jpg,dataset\Fenugreek\Bacterial blight\fenugreek_bacterial_blight_0015.jpg,237x213,unreviewed,,
fenugreek_bacterial_blight_016,Fenugreek,fenugreek_bacterial_blight,Bacterial blight,fenugreek_bacterial_blight_0016.jpg,dataset\Fenugreek\Bacterial blight\fenugreek_bacterial_blight_0016.jpg,237x213,unreviewed,,
fenugreek_bacterial_blight_017,Fenugreek,fenugreek_bacterial_blight,Bacterial blight,fenugreek_bacterial_blight_0017.jpg,dataset\Fenugreek\Bacterial blight\fenugreek_bacterial_blight_0017.jpg,470x320,unreviewed,,
fenugreek_bacterial_blight_018,Fenugreek,fenugreek_bacterial_blight,Bacterial blight,fenugreek_bacterial_blight_0018.jpg,dataset\Fenugreek\Bacterial blight\fenugreek_bacterial_blight_0018.jpg,504x443,unreviewed,,
fenugreek_bacterial_blight_019,Fenugreek,fenugreek_bacterial_blight,Bacterial blight,fenugreek_bacterial_blight_0019.jpg,dataset\Fenugreek\Bacterial blight\fenugreek_bacterial_blight_0019.jpg,504x443,unreviewed,,
fenugreek_bacterial_blight_020,Fenugreek,fenugreek_bacterial_blight,Bacterial blight,fenugreek_bacterial_blight_0020.jpg,dataset\Fenugreek\Bacterial blight\fenugreek_bacterial_blight_0020.jpg,275x183,unreviewed,,
fenugreek_bacterial_blight_021,Fenugreek,fenugreek_bacterial_blight,Bacterial blight,fenugreek_bacterial_blight_0021.jpg,dataset\Fenugreek\Bacterial blight\fenugreek_bacterial_blight_0021.jpg,275x183,unreviewed,,
fenugreek_bacterial_blight_022,Fenugreek,fenugreek_bacterial_blight,Bacterial blight,fenugreek_bacterial_blight_0022.jpg,dataset\Fenugreek\Bacterial blight\fenugreek_bacterial_blight_0022.jpg,192x136,unreviewed,,
fenugreek_bacterial_blight_023,Fenugreek,fenugreek_bacterial_blight,Bacterial blight,fenugreek_bacterial_blight_0023.jpg,dataset\Fenugreek\Bacterial blight\fenugreek_bacterial_blight_0023.jpg,192x136,unreviewed,,
fenugreek_bacterial_blight_024,Fenugreek,fenugreek_bacterial_blight,Bacterial blight,fenugreek_bacterial_blight_0024.jpg,dataset\Fenugreek\Bacterial blight\fenugreek_bacterial_blight_0024.jpg,192x131,unreviewed,,
fenugreek_bacterial_blight_025,Fenugreek,fenugreek_bacterial_blight,Bacterial blight,fenugreek_bacterial_blight_0025.jpg,dataset\Fenugreek\Bacterial blight\fenugreek_bacterial_blight_0025.jpg,192x131,unreviewed,,
fenugreek_bacterial_blight_026,Fenugreek,fenugreek_bacterial_blight,Bacterial blight,fenugreek_bacterial_blight_0026.jpg,dataset\Fenugreek\Bacterial blight\fenugreek_bacterial_blight_0026.jpg,192x144,unreviewed,,
fenugreek_bacterial_blight_027,Fenugreek,fenugreek_bacterial_blight,Bacterial blight,fenugreek_bacterial_blight_0027.jpg,dataset\Fenugreek\Bacterial blight\fenugreek_bacterial_blight_0027.jpg,272x185,unreviewed,,
fenugreek_bacterial_blight_028,Fenugreek,fenugreek_bacterial_blight,Bacterial blight,fenugreek_bacterial_blight_0028.jpg,dataset\Fenugreek\Bacterial blight\fenugreek_bacterial_blight_0028.jpg,272x185,unreviewed,,
fenugreek_bacterial_blight_029,Fenugreek,fenugreek_bacterial_blight,Bacterial blight,fenugreek_bacterial_blight_0029.jpg,dataset\Fenugreek\Bacterial blight\fenugreek_bacterial_blight_0029.jpg,192x192,unreviewed,,
fenugreek_bacterial_blight_030,Fenugreek,fenugreek_bacterial_blight,Bacterial blight,fenugreek_bacterial_blight_0030.jpg,dataset\Fenugreek\Bacterial blight\fenugreek_bacterial_blight_0030.jpg,192x192,unreviewed,,
fenugreek_bacterial_blight_031,Fenugreek,fenugreek_bacterial_blight,Bacterial blight,fenugreek_bacterial_blight_0031.jpg,dataset\Fenugreek\Bacterial blight\fenugreek_bacterial_blight_0031.jpg,192x198,unreviewed,,
fenugreek_bacterial_blight_032,Fenugreek,fenugreek_bacterial_blight,Bacterial blight,fenugreek_bacterial_blight_0032.jpg,dataset\Fenugreek\Bacterial blight\fenugreek_bacterial_blight_0032.jpg,192x198,unreviewed,,
fenugreek_bacterial_blight_033,Fenugreek,fenugreek_bacterial_blight,Bacterial blight,fenugreek_bacterial_blight_0033.jpg,dataset\Fenugreek\Bacterial blight\fenugreek_bacterial_blight_0033.jpg,192x226,unreviewed,,
fenugreek_bacterial_blight_034,Fenugreek,fenugreek_bacterial_blight,Bacterial blight,fenugreek_bacterial_blight_0034.jpg,dataset\Fenugreek\Bacterial blight\fenugreek_bacterial_blight_0034.jpg,192x226,unreviewed,,
fenugreek_bacterial_blight_035,Fenugreek,fenugreek_bacterial_blight,Bacterial blight,fenugreek_bacterial_blight_0035.jpg,dataset\Fenugreek\Bacterial blight\fenugreek_bacterial_blight_0035.jpg,192x151,unreviewed,,
fenugreek_bacterial_blight_036,Fenugreek,fenugreek_bacterial_blight,Bacterial blight,fenugreek_bacterial_blight_0036.jpg,dataset\Fenugreek\Bacterial blight\fenugreek_bacterial_blight_0036.jpg,192x151,unreviewed,,
fenugreek_bacterial_blight_037,Fenugreek,fenugreek_bacterial_blight,Bacterial blight,fenugreek_bacterial_blight_0037.jpg,dataset\Fenugreek\Bacterial blight\fenugreek_bacterial_blight_0037.jpg,192x144,unreviewed,,
fenugreek_bacterial_blight_038,Fenugreek,fenugreek_bacterial_blight,Bacterial blight,fenugreek_bacterial_blight_0038.jpg,dataset\Fenugreek\Bacterial blight\fenugreek_bacterial_blight_0038.jpg,192x144,unreviewed,,
fenugreek_bacterial_blight_039,Fenugreek,fenugreek_bacterial_blight,Bacterial blight,fenugreek_bacterial_blight_0039.jpg,dataset\Fenugreek\Bacterial blight\fenugreek_bacterial_blight_0039.jpg,192x260,unreviewed,,
fenugreek_bacterial_blight_040,Fenugreek,fenugreek_bacterial_blight,Bacterial blight,fenugreek_bacterial_blight_0040.jpg,dataset\Fenugreek\Bacterial blight\fenugreek_bacterial_blight_0040.jpg,192x260,unreviewed,,
fenugreek_bacterial_blight_041,Fenugreek,fenugreek_bacterial_blight,Bacterial blight,fenugreek_bacterial_blight_0041.jpg,dataset\Fenugreek\Bacterial blight\fenugreek_bacterial_blight_0041.jpg,192x260,unreviewed,,
fenugreek_bacterial_blight_042,Fenugreek,fenugreek_bacterial_blight,Bacterial blight,fenugreek_bacterial_blight_0042.jpg,dataset\Fenugreek\Bacterial blight\fenugreek_bacterial_blight_0042.jpg,192x128,unreviewed,,
fenugreek_bacterial_blight_043,Fenugreek,fenugreek_bacterial_blight,Bacterial blight,fenugreek_bacterial_blight_0043.jpg,dataset\Fenugreek\Bacterial blight\fenugreek_bacterial_blight_0043.jpg,192x128,unreviewed,,
fenugreek_bacterial_blight_044,Fenugreek,fenugreek_bacterial_blight,Bacterial blight,fenugreek_bacterial_blight_0044.jpg,dataset\Fenugreek\Bacterial blight\fenugreek_bacterial_blight_0044.jpg,256x197,unreviewed,,
fenugreek_bacterial_blight_045,Fenugreek,fenugreek_bacterial_blight,Bacterial blight,fenugreek_bacterial_blight_0045.jpg,dataset\Fenugreek\Bacterial blight\fenugreek_bacterial_blight_0045.jpg,256x197,unreviewed,,
fenugreek_bacterial_blight_046,Fenugreek,fenugreek_bacterial_blight,Bacterial blight,fenugreek_bacterial_blight_0046.jpg,dataset\Fenugreek\Bacterial blight\fenugreek_bacterial_blight_0046.jpg,470x320,unreviewed,,
fenugreek_bacterial_blight_047,Fenugreek,fenugreek_bacterial_blight,Bacterial blight,fenugreek_bacterial_blight_0047.jpg,dataset\Fenugreek\Bacterial blight\fenugreek_bacterial_blight_0047.jpg,470x320,unreviewed,,
fenugreek_bacterial_blight_048,Fenugreek,fenugreek_bacterial_blight,Bacterial blight,fenugreek_bacterial_blight_0048.jpg,dataset\Fenugreek\Bacterial blight\fenugreek_bacterial_blight_0048.jpg,397x307,unreviewed,,
fenugreek_bacterial_blight_049,Fenugreek,fenugreek_bacterial_blight,Bacterial blight,fenugreek_bacterial_blight_0049.jpg,dataset\Fenugreek\Bacterial blight\fenugreek_bacterial_blight_0049.jpg,411x387,unreviewed,,
fenugreek_bacterial_blight_050,Fenugreek,fenugreek_bacterial_blight,Bacterial blight,fenugreek_bacterial_blight_0050.jpg,dataset\Fenugreek\Bacterial blight\fenugreek_bacterial_blight_0050.jpg,485x152,unreviewed,,
fenugreek_bacterial_blight_051,Fenugreek,fenugreek_bacterial_blight,Bacterial blight,fenugreek_bacterial_blight_0051.jpg,dataset\Fenugreek\Bacterial blight\fenugreek_bacterial_blight_0051.jpg,132x108,unreviewed,,
fenugreek_bacterial_blight_052,Fenugreek,fenugreek_bacterial_blight,Bacterial blight,fenugreek_bacterial_blight_0052.jpg,dataset\Fenugreek\Bacterial blight\fenugreek_bacterial_blight_0052.jpg,302x277,unreviewed,,
fenugreek_bacterial_blight_053,Fenugreek,fenugreek_bacterial_blight,Bacterial blight,fenugreek_bacterial_blight_0053.jpg,dataset\Fenugreek\Bacterial blight\fenugreek_bacterial_blight_0053.jpg,150x151,unreviewed,,
fenugreek_bacterial_blight_054,Fenugreek,fenugreek_bacterial_blight,Bacterial blight,fenugreek_bacterial_blight_0054.jpg,dataset\Fenugreek\Bacterial blight\fenugreek_bacterial_blight_0054.jpg,392x222,unreviewed,,
fenugreek_bacterial_blight_055,Fenugreek,fenugreek_bacterial_blight,Bacterial blight,fenugreek_bacterial_blight_0055.jpg,dataset\Fenugreek\Bacterial blight\fenugreek_bacterial_blight_0055.jpg,205x116,unreviewed,,
fenugreek_bacterial_blight_056,Fenugreek,fenugreek_bacterial_blight,Bacterial blight,fenugreek_bacterial_blight_0056.jpg,dataset\Fenugreek\Bacterial blight\fenugreek_bacterial_blight_0056.jpg,312x397,unreviewed,,
fenugreek_bacterial_blight_057,Fenugreek,fenugreek_bacterial_blight,Bacterial blight,fenugreek_bacterial_blight_0057.jpg,dataset\Fenugreek\Bacterial blight\fenugreek_bacterial_blight_0057.jpg,350x417,unreviewed,,
fenugreek_bacterial_blight_058,Fenugreek,fenugreek_bacterial_blight,Bacterial blight,fenugreek_bacterial_blight_0058.jpg,dataset\Fenugreek\Bacterial blight\fenugreek_bacterial_blight_0058.jpg,280x297,unreviewed,,
fenugreek_bacterial_blight_059,Fenugreek,fenugreek_bacterial_blight,Bacterial blight,fenugreek_bacterial_blight_0059.jpg,dataset\Fenugreek\Bacterial blight\fenugreek_bacterial_blight_0059.jpg,292x327,unreviewed,,
fenugreek_bacterial_blight_060,Fenugreek,fenugreek_bacterial_blight,Bacterial blight,fenugreek_bacterial_blight_0060.jpg,dataset\Fenugreek\Bacterial blight\fenugreek_bacterial_blight_0060.jpg,112x110,unreviewed,,
fenugreek_bacterial_blight_061,Fenugreek,fenugreek_bacterial_blight,Bacterial blight,fenugreek_bacterial_blight_0061.jpg,dataset\Fenugreek\Bacterial blight\fenugreek_bacterial_blight_0061.jpg,110x162,unreviewed,,
fenugreek_bacterial_blight_062,Fenugreek,fenugreek_bacterial_blight,Bacterial blight,fenugreek_bacterial_blight_0062.jpg,dataset\Fenugreek\Bacterial blight\fenugreek_bacterial_blight_0062.jpg,165x147,unreviewed,,
fenugreek_bacterial_blight_063,Fenugreek,fenugreek_bacterial_blight,Bacterial blight,fenugreek_bacterial_blight_0063.jpg,dataset\Fenugreek\Bacterial blight\fenugreek_bacterial_blight_0063.jpg,212x240,unreviewed,,
fenugreek_bacterial_blight_064,Fenugreek,fenugreek_bacterial_blight,Bacterial blight,fenugreek_bacterial_blight_0064.jpg,dataset\Fenugreek\Bacterial blight\fenugreek_bacterial_blight_0064.jpg,272x318,unreviewed,,
fenugreek_bacterial_blight_065,Fenugreek,fenugreek_bacterial_blight,Bacterial blight,fenugreek_bacterial_blight_0065.jpg,dataset\Fenugreek\Bacterial blight\fenugreek_bacterial_blight_0065.jpg,95x117,unreviewed,,
fenugreek_bacterial_blight_066,Fenugreek,fenugreek_bacterial_blight,Bacterial blight,fenugreek_bacterial_blight_0066.jpg,dataset\Fenugreek\Bacterial blight\fenugreek_bacterial_blight_0066.jpg,213x82,unreviewed,,
fenugreek_bacterial_blight_067,Fenugreek,fenugreek_bacterial_blight,Bacterial blight,fenugreek_bacterial_blight_0067.jpg,dataset\Fenugreek\Bacterial blight\fenugreek_bacterial_blight_0067.jpg,127x97,unreviewed,,
fenugreek_bacterial_blight_068,Fenugreek,fenugreek_bacterial_blight,Bacterial blight,fenugreek_bacterial_blight_0068.jpg,dataset\Fenugreek\Bacterial blight\fenugreek_bacterial_blight_0068.jpg,160x110,unreviewed,,
fenugreek_bacterial_blight_069,Fenugreek,fenugreek_bacterial_blight,Bacterial blight,fenugreek_bacterial_blight_0069.jpg,dataset\Fenugreek\Bacterial blight\fenugreek_bacterial_blight_0069.jpg,132x106,unreviewed,,
fenugreek_bacterial_blight_070,Fenugreek,fenugreek_bacterial_blight,Bacterial blight,fenugreek_bacterial_blight_0070.jpg,dataset\Fenugreek\Bacterial blight\fenugreek_bacterial_blight_0070.jpg,127x107,unreviewed,,
fenugreek_bacterial_blight_071,Fenugreek,fenugreek_bacterial_blight,Bacterial blight,fenugreek_bacterial_blight_0071.jpg,dataset\Fenugreek\Bacterial blight\fenugreek_bacterial_blight_0071.jpg,165x117,unreviewed,,
fenugreek_bacterial_blight_072,Fenugreek,fenugreek_bacterial_blight,Bacterial blight,fenugreek_bacterial_blight_0072.jpg,dataset\Fenugreek\Bacterial blight\fenugreek_bacterial_blight_0072.jpg,173x117,unreviewed,,
fenugreek_bacterial_blight_073,Fenugreek,fenugreek_bacterial_blight,Bacterial blight,fenugreek_bacterial_blight_0073.jpg,dataset\Fenugreek\Bacterial blight\fenugreek_bacterial_blight_0073.jpg,185x81,unreviewed,,
fenugreek_bacterial_blight_074,Fenugreek,fenugreek_bacterial_blight,Bacterial blight,fenugreek_bacterial_blight_0074.jpg,dataset\Fenugreek\Bacterial blight\fenugreek_bacterial_blight_0074.jpg,102x137,unreviewed,,
fenugreek_bacterial_blight_075,Fenugreek,fenugreek_bacterial_blight,Bacterial blight,fenugreek_bacterial_blight_0075.jpg,dataset\Fenugreek\Bacterial blight\fenugreek_bacterial_blight_0075.jpg,85x132,unreviewed,,
fenugreek_bacterial_blight_076,Fenugreek,fenugreek_bacterial_blight,Bacterial blight,fenugreek_bacterial_blight_0076.jpg,dataset\Fenugreek\Bacterial blight\fenugreek_bacterial_blight_0076.jpg,110x140,unreviewed,,
fenugreek_bacterial_blight_077,Fenugreek,fenugreek_bacterial_blight,Bacterial blight,fenugreek_bacterial_blight_0077.jpg,dataset\Fenugreek\Bacterial blight\fenugreek_bacterial_blight_0077.jpg,76x150,unreviewed,,
fenugreek_bacterial_blight_078,Fenugreek,fenugreek_bacterial_blight,Bacterial blight,fenugreek_bacterial_blight_0078.jpg,dataset\Fenugreek\Bacterial blight\fenugreek_bacterial_blight_0078.jpg,182x106,unreviewed,,
fenugreek_bacterial_blight_079,Fenugreek,fenugreek_bacterial_blight,Bacterial blight,fenugreek_bacterial_blight_0079.jpg,dataset\Fenugreek\Bacterial blight\fenugreek_bacterial_blight_0079.jpg,185x147,unreviewed,,
fenugreek_bacterial_blight_080,Fenugreek,fenugreek_bacterial_blight,Bacterial blight,fenugreek_bacterial_blight_0080.jpg,dataset\Fenugreek\Bacterial blight\fenugreek_bacterial_blight_0080.jpg,105x262,unreviewed,,
fenugreek_bacterial_blight_081,Fenugreek,fenugreek_bacterial_blight,Bacterial blight,fenugreek_bacterial_blight_0081.jpg,dataset\Fenugreek\Bacterial blight\fenugreek_bacterial_blight_0081.jpg,100x258,unreviewed,,
fenugreek_bacterial_blight_082,Fenugreek,fenugreek_bacterial_blight,Bacterial blight,fenugreek_bacterial_blight_0082.jpg,dataset\Fenugreek\Bacterial blight\fenugreek_bacterial_blight_0082.jpg,165x62,unreviewed,,
fenugreek_bacterial_blight_083,Fenugreek,fenugreek_bacterial_blight,Bacterial blight,fenugreek_bacterial_blight_0083.jpg,dataset\Fenugreek\Bacterial blight\fenugreek_bacterial_blight_0083.jpg,152x67,unreviewed,,
fenugreek_bacterial_blight_084,Fenugreek,fenugreek_bacterial_blight,Bacterial blight,fenugreek_bacterial_blight_0084.jpg,dataset\Fenugreek\Bacterial blight\fenugreek_bacterial_blight_0084.jpg,105x135,unreviewed,,
fenugreek_bacterial_blight_085,Fenugreek,fenugreek_bacterial_blight,Bacterial blight,fenugreek_bacterial_blight_0085.jpg,dataset\Fenugreek\Bacterial blight\fenugreek_bacterial_blight_0085.jpg,90x132,unreviewed,,
fenugreek_bacterial_blight_086,Fenugreek,fenugreek_bacterial_blight,Bacterial blight,fenugreek_bacterial_blight_0086.jpg,dataset\Fenugreek\Bacterial blight\fenugreek_bacterial_blight_0086.jpg,61x98,unreviewed,,
fenugreek_bacterial_blight_087,Fenugreek,fenugreek_bacterial_blight,Bacterial blight,fenugreek_bacterial_blight_0087.jpg,dataset\Fenugreek\Bacterial blight\fenugreek_bacterial_blight_0087.jpg,65x102,unreviewed,,
fenugreek_bacterial_blight_088,Fenugreek,fenugreek_bacterial_blight,Bacterial blight,fenugreek_bacterial_blight_0088.jpg,dataset\Fenugreek\Bacterial blight\fenugreek_bacterial_blight_0088.jpg,62x72,unreviewed,,
fenugreek_bacterial_blight_089,Fenugreek,fenugreek_bacterial_blight,Bacterial blight,fenugreek_bacterial_blight_0089.jpg,dataset\Fenugreek\Bacterial blight\fenugreek_bacterial_blight_0089.jpg,102x75,unreviewed,,
fenugreek_bacterial_blight_090,Fenugreek,fenugreek_bacterial_blight,Bacterial blight,fenugreek_bacterial_blight_0090.jpg,dataset\Fenugreek\Bacterial blight\fenugreek_bacterial_blight_0090.jpg,105x62,unreviewed,,
fenugreek_bacterial_blight_091,Fenugreek,fenugreek_bacterial_blight,Bacterial blight,fenugreek_bacterial_blight_0091.jpg,dataset\Fenugreek\Bacterial blight\fenugreek_bacterial_blight_0091.jpg,36x105,unreviewed,,
fenugreek_bacterial_blight_092,Fenugreek,fenugreek_bacterial_blight,Bacterial blight,fenugreek_bacterial_blight_0092.jpg,dataset\Fenugreek\Bacterial blight\fenugreek_bacterial_blight_0092.jpg,172x52,unreviewed,,
fenugreek_bacterial_blight_093,Fenugreek,fenugreek_bacterial_blight,Bacterial blight,fenugreek_bacterial_blight_0093.jpg,dataset\Fenugreek\Bacterial blight\fenugreek_bacterial_blight_0093.jpg,430x115,unreviewed,,
fenugreek_bacterial_blight_094,Fenugreek,fenugreek_bacterial_blight,Bacterial blight,fenugreek_bacterial_blight_0094.jpg,dataset\Fenugreek\Bacterial blight\fenugreek_bacterial_blight_0094.jpg,440x112,unreviewed,,
fenugreek_bacterial_blight_095,Fenugreek,fenugreek_bacterial_blight,Bacterial blight,fenugreek_bacterial_blight_0095.jpg,dataset\Fenugreek\Bacterial blight\fenugreek_bacterial_blight_0095.jpg,198x127,unreviewed,,
fenugreek_bacterial_blight_096,Fenugreek,fenugreek_bacterial_blight,Bacterial blight,fenugreek_bacterial_blight_0096.jpg,dataset\Fenugreek\Bacterial blight\fenugreek_bacterial_blight_0096.jpg,205x190,unreviewed,,
fenugreek_bacterial_blight_097,Fenugreek,fenugreek_bacterial_blight,Bacterial blight,fenugreek_bacterial_blight_0097.jpg,dataset\Fenugreek\Bacterial blight\fenugreek_bacterial_blight_0097.jpg,276x205,unreviewed,,
fenugreek_bacterial_blight_098,Fenugreek,fenugreek_bacterial_blight,Bacterial blight,fenugreek_bacterial_blight_0098.jpg,dataset\Fenugreek\Bacterial blight\fenugreek_bacterial_blight_0098.jpg,417x197,unreviewed,,
fenugreek_bacterial_blight_099,Fenugreek,fenugreek_bacterial_blight,Bacterial blight,fenugreek_bacterial_blight_0099.jpg,dataset\Fenugreek\Bacterial blight\fenugreek_bacterial_blight_0099.jpg,470x320,unreviewed,,
fenugreek_bacterial_blight_100,Fenugreek,fenugreek_bacterial_blight,Bacterial blight,fenugreek_bacterial_blight_0100.jpg,dataset\Fenugreek\Bacterial blight\fenugreek_bacterial_blight_0100.jpg,470x320,unreviewed,,
fenugreek_cercospora_leaf_spot_001,Fenugreek,fenugreek_cercospora_leaf_spot,Cercospora leaf spot,fenugreek_cercospora_leaf_spot_0001.jpg,dataset\Fenugreek\Cercospora leaf spot\fenugreek_cercospora_leaf_spot_0001.jpg,200x145,unreviewed,,
fenugreek_cercospora_leaf_spot_002,Fenugreek,fenugreek_cercospora_leaf_spot,Cercospora leaf spot,fenugreek_cercospora_leaf_spot_0002.jpg,dataset\Fenugreek\Cercospora leaf spot\fenugreek_cercospora_leaf_spot_0002.jpg,200x145,unreviewed,,
fenugreek_cercospora_leaf_spot_003,Fenugreek,fenugreek_cercospora_leaf_spot,Cercospora leaf spot,fenugreek_cercospora_leaf_spot_0003.jpg,dataset\Fenugreek\Cercospora leaf spot\fenugreek_cercospora_leaf_spot_0003.jpg,243x208,unreviewed,,
fenugreek_cercospora_leaf_spot_004,Fenugreek,fenugreek_cercospora_leaf_spot,Cercospora leaf spot,fenugreek_cercospora_leaf_spot_0004.jpg,dataset\Fenugreek\Cercospora leaf spot\fenugreek_cercospora_leaf_spot_0004.jpg,243x208,unreviewed,,
fenugreek_cercospora_leaf_spot_005,Fenugreek,fenugreek_cercospora_leaf_spot,Cercospora leaf spot,fenugreek_cercospora_leaf_spot_0005.jpg,dataset\Fenugreek\Cercospora leaf spot\fenugreek_cercospora_leaf_spot_0005.jpg,246x205,unreviewed,,
fenugreek_cercospora_leaf_spot_006,Fenugreek,fenugreek_cercospora_leaf_spot,Cercospora leaf spot,fenugreek_cercospora_leaf_spot_0006.jpg,dataset\Fenugreek\Cercospora leaf spot\fenugreek_cercospora_leaf_spot_0006.jpg,246x205,unreviewed,,
fenugreek_cercospora_leaf_spot_007,Fenugreek,fenugreek_cercospora_leaf_spot,Cercospora leaf spot,fenugreek_cercospora_leaf_spot_0007.jpg,dataset\Fenugreek\Cercospora leaf spot\fenugreek_cercospora_leaf_spot_0007.jpg,272x185,unreviewed,,
fenugreek_cercospora_leaf_spot_008,Fenugreek,fenugreek_cercospora_leaf_spot,Cercospora leaf spot,fenugreek_cercospora_leaf_spot_0008.jpg,dataset\Fenugreek\Cercospora leaf spot\fenugreek_cercospora_leaf_spot_0008.jpg,272x185,unreviewed,,
fenugreek_cercospora_leaf_spot_009,Fenugreek,fenugreek_cercospora_leaf_spot,Cercospora leaf spot,fenugreek_cercospora_leaf_spot_0009.jpg,dataset\Fenugreek\Cercospora leaf spot\fenugreek_cercospora_leaf_spot_0009.jpg,272x185,unreviewed,,
fenugreek_cercospora_leaf_spot_010,Fenugreek,fenugreek_cercospora_leaf_spot,Cercospora leaf spot,fenugreek_cercospora_leaf_spot_0010.jpg,dataset\Fenugreek\Cercospora leaf spot\fenugreek_cercospora_leaf_spot_0010.jpg,272x185,unreviewed,,
fenugreek_cercospora_leaf_spot_011,Fenugreek,fenugreek_cercospora_leaf_spot,Cercospora leaf spot,fenugreek_cercospora_leaf_spot_0011.jpg,dataset\Fenugreek\Cercospora leaf spot\fenugreek_cercospora_leaf_spot_0011.jpg,272x185,unreviewed,,
fenugreek_cercospora_leaf_spot_012,Fenugreek,fenugreek_cercospora_leaf_spot,Cercospora leaf spot,fenugreek_cercospora_leaf_spot_0012.jpg,dataset\Fenugreek\Cercospora leaf spot\fenugreek_cercospora_leaf_spot_0012.jpg,272x185,unreviewed,,
fenugreek_cercospora_leaf_spot_013,Fenugreek,fenugreek_cercospora_leaf_spot,Cercospora leaf spot,fenugreek_cercospora_leaf_spot_0013.jpg,dataset\Fenugreek\Cercospora leaf spot\fenugreek_cercospora_leaf_spot_0013.jpg,225x224,unreviewed,,
fenugreek_cercospora_leaf_spot_014,Fenugreek,fenugreek_cercospora_leaf_spot,Cercospora leaf spot,fenugreek_cercospora_leaf_spot_0014.jpg,dataset\Fenugreek\Cercospora leaf spot\fenugreek_cercospora_leaf_spot_0014.jpg,225x224,unreviewed,,
fenugreek_cercospora_leaf_spot_015,Fenugreek,fenugreek_cercospora_leaf_spot,Cercospora leaf spot,fenugreek_cercospora_leaf_spot_0015.jpg,dataset\Fenugreek\Cercospora leaf spot\fenugreek_cercospora_leaf_spot_0015.jpg,248x203,unreviewed,,
fenugreek_cercospora_leaf_spot_016,Fenugreek,fenugreek_cercospora_leaf_spot,Cercospora leaf spot,fenugreek_cercospora_leaf_spot_0016.jpg,dataset\Fenugreek\Cercospora leaf spot\fenugreek_cercospora_leaf_spot_0016.jpg,248x203,unreviewed,,
fenugreek_cercospora_leaf_spot_017,Fenugreek,fenugreek_cercospora_leaf_spot,Cercospora leaf spot,fenugreek_cercospora_leaf_spot_0017.jpg,dataset\Fenugreek\Cercospora leaf spot\fenugreek_cercospora_leaf_spot_0017.jpg,248x203,unreviewed,,
fenugreek_cercospora_leaf_spot_018,Fenugreek,fenugreek_cercospora_leaf_spot,Cercospora leaf spot,fenugreek_cercospora_leaf_spot_0018.jpg,dataset\Fenugreek\Cercospora leaf spot\fenugreek_cercospora_leaf_spot_0018.jpg,242x209,unreviewed,,
fenugreek_cercospora_leaf_spot_019,Fenugreek,fenugreek_cercospora_leaf_spot,Cercospora leaf spot,fenugreek_cercospora_leaf_spot_0019.jpg,dataset\Fenugreek\Cercospora leaf spot\fenugreek_cercospora_leaf_spot_0019.jpg,242x209,unreviewed,,
fenugreek_cercospora_leaf_spot_020,Fenugreek,fenugreek_cercospora_leaf_spot,Cercospora leaf spot,fenugreek_cercospora_leaf_spot_0020.jpg,dataset\Fenugreek\Cercospora leaf spot\fenugreek_cercospora_leaf_spot_0020.jpg,249x202,unreviewed,,
fenugreek_cercospora_leaf_spot_021,Fenugreek,fenugreek_cercospora_leaf_spot,Cercospora leaf spot,fenugreek_cercospora_leaf_spot_0021.jpg,dataset\Fenugreek\Cercospora leaf spot\fenugreek_cercospora_leaf_spot_0021.jpg,249x202,unreviewed,,
fenugreek_cercospora_leaf_spot_022,Fenugreek,fenugreek_cercospora_leaf_spot,Cercospora leaf spot,fenugreek_cercospora_leaf_spot_0022.jpg,dataset\Fenugreek\Cercospora leaf spot\fenugreek_cercospora_leaf_spot_0022.jpg,470x320,unreviewed,,
fenugreek_cercospora_leaf_spot_023,Fenugreek,fenugreek_cercospora_leaf_spot,Cercospora leaf spot,fenugreek_cercospora_leaf_spot_0023.jpg,dataset\Fenugreek\Cercospora leaf spot\fenugreek_cercospora_leaf_spot_0023.jpg,470x320,unreviewed,,
fenugreek_cercospora_leaf_spot_024,Fenugreek,fenugreek_cercospora_leaf_spot,Cercospora leaf spot,fenugreek_cercospora_leaf_spot_0024.jpg,dataset\Fenugreek\Cercospora leaf spot\fenugreek_cercospora_leaf_spot_0024.jpg,192x193,unreviewed,,
fenugreek_cercospora_leaf_spot_025,Fenugreek,fenugreek_cercospora_leaf_spot,Cercospora leaf spot,fenugreek_cercospora_leaf_spot_0025.jpg,dataset\Fenugreek\Cercospora leaf spot\fenugreek_cercospora_leaf_spot_0025.jpg,192x193,unreviewed,,
fenugreek_cercospora_leaf_spot_026,Fenugreek,fenugreek_cercospora_leaf_spot,Cercospora leaf spot,fenugreek_cercospora_leaf_spot_0026.jpg,dataset\Fenugreek\Cercospora leaf spot\fenugreek_cercospora_leaf_spot_0026.jpg,192x192,unreviewed,,
fenugreek_cercospora_leaf_spot_027,Fenugreek,fenugreek_cercospora_leaf_spot,Cercospora leaf spot,fenugreek_cercospora_leaf_spot_0027.jpg,dataset\Fenugreek\Cercospora leaf spot\fenugreek_cercospora_leaf_spot_0027.jpg,192x192,unreviewed,,
fenugreek_cercospora_leaf_spot_028,Fenugreek,fenugreek_cercospora_leaf_spot,Cercospora leaf spot,fenugreek_cercospora_leaf_spot_0028.jpg,dataset\Fenugreek\Cercospora leaf spot\fenugreek_cercospora_leaf_spot_0028.jpg,192x192,unreviewed,,
fenugreek_cercospora_leaf_spot_029,Fenugreek,fenugreek_cercospora_leaf_spot,Cercospora leaf spot,fenugreek_cercospora_leaf_spot_0029.jpg,dataset\Fenugreek\Cercospora leaf spot\fenugreek_cercospora_leaf_spot_0029.jpg,192x192,unreviewed,,
fenugreek_cercospora_leaf_spot_030,Fenugreek,fenugreek_cercospora_leaf_spot,Cercospora leaf spot,fenugreek_cercospora_leaf_spot_0030.jpg,dataset\Fenugreek\Cercospora leaf spot\fenugreek_cercospora_leaf_spot_0030.jpg,192x144,unreviewed,,
fenugreek_cercospora_leaf_spot_031,Fenugreek,fenugreek_cercospora_leaf_spot,Cercospora leaf spot,fenugreek_cercospora_leaf_spot_0031.jpg,dataset\Fenugreek\Cercospora leaf spot\fenugreek_cercospora_leaf_spot_0031.jpg,192x144,unreviewed,,
fenugreek_cercospora_leaf_spot_032,Fenugreek,fenugreek_cercospora_leaf_spot,Cercospora leaf spot,fenugreek_cercospora_leaf_spot_0032.jpg,dataset\Fenugreek\Cercospora leaf spot\fenugreek_cercospora_leaf_spot_0032.jpg,192x192,unreviewed,,
fenugreek_cercospora_leaf_spot_033,Fenugreek,fenugreek_cercospora_leaf_spot,Cercospora leaf spot,fenugreek_cercospora_leaf_spot_0033.jpg,dataset\Fenugreek\Cercospora leaf spot\fenugreek_cercospora_leaf_spot_0033.jpg,192x127,unreviewed,,
fenugreek_cercospora_leaf_spot_034,Fenugreek,fenugreek_cercospora_leaf_spot,Cercospora leaf spot,fenugreek_cercospora_leaf_spot_0034.jpg,dataset\Fenugreek\Cercospora leaf spot\fenugreek_cercospora_leaf_spot_0034.jpg,192x127,unreviewed,,
fenugreek_cercospora_leaf_spot_035,Fenugreek,fenugreek_cercospora_leaf_spot,Cercospora leaf spot,fenugreek_cercospora_leaf_spot_0035.jpg,dataset\Fenugreek\Cercospora leaf spot\fenugreek_cercospora_leaf_spot_0035.jpg,192x115,unreviewed,,
fenugreek_cercospora_leaf_spot_036,Fenugreek,fenugreek_cercospora_leaf_spot,Cercospora leaf spot,fenugreek_cercospora_leaf_spot_0036.jpg,dataset\Fenugreek\Cercospora leaf spot\fenugreek_cercospora_leaf_spot_0036.jpg,192x115,unreviewed,,
fenugreek_cercospora_leaf_spot_037,Fenugreek,fenugreek_cercospora_leaf_spot,Cercospora leaf spot,fenugreek_cercospora_leaf_spot_0037.jpg,dataset\Fenugreek\Cercospora leaf spot\fenugreek_cercospora_leaf_spot_0037.jpg,192x235,unreviewed,,
fenugreek_cercospora_leaf_spot_038,Fenugreek,fenugreek_cercospora_leaf_spot,Cercospora leaf spot,fenugreek_cercospora_leaf_spot_0038.jpg,dataset\Fenugreek\Cercospora leaf spot\fenugreek_cercospora_leaf_spot_0038.jpg,192x235,unreviewed,,
fenugreek_cercospora_leaf_spot_039,Fenugreek,fenugreek_cercospora_leaf_spot,Cercospora leaf spot,fenugreek_cercospora_leaf_spot_0039.jpg,dataset\Fenugreek\Cercospora leaf spot\fenugreek_cercospora_leaf_spot_0039.jpg,192x235,unreviewed,,
fenugreek_cercospora_leaf_spot_040,Fenugreek,fenugreek_cercospora_leaf_spot,Cercospora leaf spot,fenugreek_cercospora_leaf_spot_0040.jpg,dataset\Fenugreek\Cercospora leaf spot\fenugreek_cercospora_leaf_spot_0040.jpg,192x256,unreviewed,,
fenugreek_cercospora_leaf_spot_041,Fenugreek,fenugreek_cercospora_leaf_spot,Cercospora leaf spot,fenugreek_cercospora_leaf_spot_0041.jpg,dataset\Fenugreek\Cercospora leaf spot\fenugreek_cercospora_leaf_spot_0041.jpg,192x256,unreviewed,,
fenugreek_cercospora_leaf_spot_042,Fenugreek,fenugreek_cercospora_leaf_spot,Cercospora leaf spot,fenugreek_cercospora_leaf_spot_0042.jpg,dataset\Fenugreek\Cercospora leaf spot\fenugreek_cercospora_leaf_spot_0042.jpg,192x155,unreviewed,,
fenugreek_cercospora_leaf_spot_043,Fenugreek,fenugreek_cercospora_leaf_spot,Cercospora leaf spot,fenugreek_cercospora_leaf_spot_0043.jpg,dataset\Fenugreek\Cercospora leaf spot\fenugreek_cercospora_leaf_spot_0043.jpg,192x155,unreviewed,,
fenugreek_cercospora_leaf_spot_044,Fenugreek,fenugreek_cercospora_leaf_spot,Cercospora leaf spot,fenugreek_cercospora_leaf_spot_0044.jpg,dataset\Fenugreek\Cercospora leaf spot\fenugreek_cercospora_leaf_spot_0044.jpg,192x108,unreviewed,,
fenugreek_cercospora_leaf_spot_045,Fenugreek,fenugreek_cercospora_leaf_spot,Cercospora leaf spot,fenugreek_cercospora_leaf_spot_0045.jpg,dataset\Fenugreek\Cercospora leaf spot\fenugreek_cercospora_leaf_spot_0045.jpg,192x108,unreviewed,,
fenugreek_cercospora_leaf_spot_046,Fenugreek,fenugreek_cercospora_leaf_spot,Cercospora leaf spot,fenugreek_cercospora_leaf_spot_0046.jpg,dataset\Fenugreek\Cercospora leaf spot\fenugreek_cercospora_leaf_spot_0046.jpg,192x144,unreviewed,,
fenugreek_cercospora_leaf_spot_047,Fenugreek,fenugreek_cercospora_leaf_spot,Cercospora leaf spot,fenugreek_cercospora_leaf_spot_0047.jpg,dataset\Fenugreek\Cercospora leaf spot\fenugreek_cercospora_leaf_spot_0047.jpg,192x144,unreviewed,,
fenugreek_cercospora_leaf_spot_048,Fenugreek,fenugreek_cercospora_leaf_spot,Cercospora leaf spot,fenugreek_cercospora_leaf_spot_0048.jpg,dataset\Fenugreek\Cercospora leaf spot\fenugreek_cercospora_leaf_spot_0048.jpg,227x222,unreviewed,,
fenugreek_cercospora_leaf_spot_049,Fenugreek,fenugreek_cercospora_leaf_spot,Cercospora leaf spot,fenugreek_cercospora_leaf_spot_0049.jpg,dataset\Fenugreek\Cercospora leaf spot\fenugreek_cercospora_leaf_spot_0049.jpg,227x222,unreviewed,,
fenugreek_cercospora_leaf_spot_050,Fenugreek,fenugreek_cercospora_leaf_spot,Cercospora leaf spot,fenugreek_cercospora_leaf_spot_0050.jpg,dataset\Fenugreek\Cercospora leaf spot\fenugreek_cercospora_leaf_spot_0050.jpg,258x317,unreviewed,,
fenugreek_cercospora_leaf_spot_051,Fenugreek,fenugreek_cercospora_leaf_spot,Cercospora leaf spot,fenugreek_cercospora_leaf_spot_0051.jpg,dataset\Fenugreek\Cercospora leaf spot\fenugreek_cercospora_leaf_spot_0051.jpg,213x387,unreviewed,,
fenugreek_cercospora_leaf_spot_052,Fenugreek,fenugreek_cercospora_leaf_spot,Cercospora leaf spot,fenugreek_cercospora_leaf_spot_0052.jpg,dataset\Fenugreek\Cercospora leaf spot\fenugreek_cercospora_leaf_spot_0052.jpg,87x137,unreviewed,,
fenugreek_cercospora_leaf_spot_053,Fenugreek,fenugreek_cercospora_leaf_spot,Cercospora leaf spot,fenugreek_cercospora_leaf_spot_0053.jpg,dataset\Fenugreek\Cercospora leaf spot\fenugreek_cercospora_leaf_spot_0053.jpg,281x511,unreviewed,,
fenugreek_cercospora_leaf_spot_054,Fenugreek,fenugreek_cercospora_leaf_spot,Cercospora leaf spot,fenugreek_cercospora_leaf_spot_0054.jpg,dataset\Fenugreek\Cercospora leaf spot\fenugreek_cercospora_leaf_spot_0054.jpg,313x515,unreviewed,,
fenugreek_cercospora_leaf_spot_055,Fenugreek,fenugreek_cercospora_leaf_spot,Cercospora leaf spot,fenugreek_cercospora_leaf_spot_0055.jpg,dataset\Fenugreek\Cercospora leaf spot\fenugreek_cercospora_leaf_spot_0055.jpg,400x197,unreviewed,,
fenugreek_cercospora_leaf_spot_056,Fenugreek,fenugreek_cercospora_leaf_spot,Cercospora leaf spot,fenugreek_cercospora_leaf_spot_0056.jpg,dataset\Fenugreek\Cercospora leaf spot\fenugreek_cercospora_leaf_spot_0056.jpg,490x212,unreviewed,,
fenugreek_cercospora_leaf_spot_057,Fenugreek,fenugreek_cercospora_leaf_spot,Cercospora leaf spot,fenugreek_cercospora_leaf_spot_0057.jpg,dataset\Fenugreek\Cercospora leaf spot\fenugreek_cercospora_leaf_spot_0057.jpg,326x312,unreviewed,,
fenugreek_cercospora_leaf_spot_058,Fenugreek,fenugreek_cercospora_leaf_spot,Cercospora leaf spot,fenugreek_cercospora_leaf_spot_0058.jpg,dataset\Fenugreek\Cercospora leaf spot\fenugreek_cercospora_leaf_spot_0058.jpg,116x155,unreviewed,,
fenugreek_cercospora_leaf_spot_059,Fenugreek,fenugreek_cercospora_leaf_spot,Cercospora leaf spot,fenugreek_cercospora_leaf_spot_0059.jpg,dataset\Fenugreek\Cercospora leaf spot\fenugreek_cercospora_leaf_spot_0059.jpg,157x210,unreviewed,,
fenugreek_cercospora_leaf_spot_060,Fenugreek,fenugreek_cercospora_leaf_spot,Cercospora leaf spot,fenugreek_cercospora_leaf_spot_0060.jpg,dataset\Fenugreek\Cercospora leaf spot\fenugreek_cercospora_leaf_spot_0060.jpg,111x157,unreviewed,,
fenugreek_cercospora_leaf_spot_061,Fenugreek,fenugreek_cercospora_leaf_spot,Cercospora leaf spot,fenugreek_cercospora_leaf_spot_0061.jpg,dataset\Fenugreek\Cercospora leaf spot\fenugreek_cercospora_leaf_spot_0061.jpg,240x332,unreviewed,,
fenugreek_cercospora_leaf_spot_062,Fenugreek,fenugreek_cercospora_leaf_spot,Cercospora leaf spot,fenugreek_cercospora_leaf_spot_0062.jpg,dataset\Fenugreek\Cercospora leaf spot\fenugreek_cercospora_leaf_spot_0062.jpg,142x176,unreviewed,,
fenugreek_cercospora_leaf_spot_063,Fenugreek,fenugreek_cercospora_leaf_spot,Cercospora leaf spot,fenugreek_cercospora_leaf_spot_0063.jpg,dataset\Fenugreek\Cercospora leaf spot\fenugreek_cercospora_leaf_spot_0063.jpg,332x196,unreviewed,,
fenugreek_cercospora_leaf_spot_064,Fenugreek,fenugreek_cercospora_leaf_spot,Cercospora leaf spot,fenugreek_cercospora_leaf_spot_0064.jpg,dataset\Fenugreek\Cercospora leaf spot\fenugreek_cercospora_leaf_spot_0064.jpg,210x110,unreviewed,,
fenugreek_cercospora_leaf_spot_065,Fenugreek,fenugreek_cercospora_leaf_spot,Cercospora leaf spot,fenugreek_cercospora_leaf_spot_0065.jpg,dataset\Fenugreek\Cercospora leaf spot\fenugreek_cercospora_leaf_spot_0065.jpg,268x335,unreviewed,,
fenugreek_cercospora_leaf_spot_066,Fenugreek,fenugreek_cercospora_leaf_spot,Cercospora leaf spot,fenugreek_cercospora_leaf_spot_0066.jpg,dataset\Fenugreek\Cercospora leaf spot\fenugreek_cercospora_leaf_spot_0066.jpg,112x150,unreviewed,,
fenugreek_cercospora_leaf_spot_067,Fenugreek,fenugreek_cercospora_leaf_spot,Cercospora leaf spot,fenugreek_cercospora_leaf_spot_0067.jpg,dataset\Fenugreek\Cercospora leaf spot\fenugreek_cercospora_leaf_spot_0067.jpg,107x192,unreviewed,,
fenugreek_cercospora_leaf_spot_068,Fenugreek,fenugreek_cercospora_leaf_spot,Cercospora leaf spot,fenugreek_cercospora_leaf_spot_0068.jpg,dataset\Fenugreek\Cercospora leaf spot\fenugreek_cercospora_leaf_spot_0068.jpg,162x195,unreviewed,,
fenugreek_cercospora_leaf_spot_069,Fenugreek,fenugreek_cercospora_leaf_spot,Cercospora leaf spot,fenugreek_cercospora_leaf_spot_0069.jpg,dataset\Fenugreek\Cercospora leaf spot\fenugreek_cercospora_leaf_spot_0069.jpg,110x177,unreviewed,,
fenugreek_cercospora_leaf_spot_070,Fenugreek,fenugreek_cercospora_leaf_spot,Cercospora leaf spot,fenugreek_cercospora_leaf_spot_0070.jpg,dataset\Fenugreek\Cercospora leaf spot\fenugreek_cercospora_leaf_spot_0070.jpg,190x200,unreviewed,,
fenugreek_cercospora_leaf_spot_071,Fenugreek,fenugreek_cercospora_leaf_spot,Cercospora leaf spot,fenugreek_cercospora_leaf_spot_0071.jpg,dataset\Fenugreek\Cercospora leaf spot\fenugreek_cercospora_leaf_spot_0071.jpg,241x190,unreviewed,,
fenugreek_cercospora_leaf_spot_072,Fenugreek,fenugreek_cercospora_leaf_spot,Cercospora leaf spot,fenugreek_cercospora_leaf_spot_0072.jpg,dataset\Fenugreek\Cercospora leaf spot\fenugreek_cercospora_leaf_spot_0072.jpg,196x101,unreviewed,,
fenugreek_cercospora_leaf_spot_073,Fenugreek,fenugreek_cercospora_leaf_spot,Cercospora leaf spot,fenugreek_cercospora_leaf_spot_0073.jpg,dataset\Fenugreek\Cercospora leaf spot\fenugreek_cercospora_leaf_spot_0073.jpg,187x97,unreviewed,,
fenugreek_cercospora_leaf_spot_074,Fenugreek,fenugreek_cercospora_leaf_spot,Cercospora leaf spot,fenugreek_cercospora_leaf_spot_0074.jpg,dataset\Fenugreek\Cercospora leaf spot\fenugreek_cercospora_leaf_spot_0074.jpg,290x182,unreviewed,,
fenugreek_cercospora_leaf_spot_075,Fenugreek,fenugreek_cercospora_leaf_spot,Cercospora leaf spot,fenugreek_cercospora_leaf_spot_0075.jpg,dataset\Fenugreek\Cercospora leaf spot\fenugreek_cercospora_leaf_spot_0075.jpg,187x77,unreviewed,,
fenugreek_cercospora_leaf_spot_076,Fenugreek,fenugreek_cercospora_leaf_spot,Cercospora leaf spot,fenugreek_cercospora_leaf_spot_0076.jpg,dataset\Fenugreek\Cercospora leaf spot\fenugreek_cercospora_leaf_spot_0076.jpg,180x242,unreviewed,,
fenugreek_cercospora_leaf_spot_077,Fenugreek,fenugreek_cercospora_leaf_spot,Cercospora leaf spot,fenugreek_cercospora_leaf_spot_0077.jpg,dataset\Fenugreek\Cercospora leaf spot\fenugreek_cercospora_leaf_spot_0077.jpg,95x112,unreviewed,,
fenugreek_cercospora_leaf_spot_078,Fenugreek,fenugreek_cercospora_leaf_spot,Cercospora leaf spot,fenugreek_cercospora_leaf_spot_0078.jpg,dataset\Fenugreek\Cercospora leaf spot\fenugreek_cercospora_leaf_spot_0078.jpg,231x273,unreviewed,,
fenugreek_cercospora_leaf_spot_079,Fenugreek,fenugreek_cercospora_leaf_spot,Cercospora leaf spot,fenugreek_cercospora_leaf_spot_0079.jpg,dataset\Fenugreek\Cercospora leaf spot\fenugreek_cercospora_leaf_spot_0079.jpg,221x275,unreviewed,,
fenugreek_cercospora_leaf_spot_080,Fenugreek,fenugreek_cercospora_leaf_spot,Cercospora leaf spot,fenugreek_cercospora_leaf_spot_0080.jpg,dataset\Fenugreek\Cercospora leaf spot\fenugreek_cercospora_leaf_spot_0080.jpg,411x325,unreviewed,,
fenugreek_cercospora_leaf_spot_081,Fenugreek,fenugreek_cercospora_leaf_spot,Cercospora leaf spot,fenugreek_cercospora_leaf_spot_0081.jpg,dataset\Fenugreek\Cercospora leaf spot\fenugreek_cercospora_leaf_spot_0081.jpg,418x220,unreviewed,,
fenugreek_cercospora_leaf_spot_082,Fenugreek,fenugreek_cercospora_leaf_spot,Cercospora leaf spot,fenugreek_cercospora_leaf_spot_0082.jpg,dataset\Fenugreek\Cercospora leaf spot\fenugreek_cercospora_leaf_spot_0082.jpg,372x332,unreviewed,,
fenugreek_cercospora_leaf_spot_083,Fenugreek,fenugreek_cercospora_leaf_spot,Cercospora leaf spot,fenugreek_cercospora_leaf_spot_0083.jpg,dataset\Fenugreek\Cercospora leaf spot\fenugreek_cercospora_leaf_spot_0083.jpg,392x297,unreviewed,,
fenugreek_cercospora_leaf_spot_084,Fenugreek,fenugreek_cercospora_leaf_spot,Cercospora leaf spot,fenugreek_cercospora_leaf_spot_0084.jpg,dataset\Fenugreek\Cercospora leaf spot\fenugreek_cercospora_leaf_spot_0084.jpg,307x167,unreviewed,,
fenugreek_cercospora_leaf_spot_085,Fenugreek,fenugreek_cercospora_leaf_spot,Cercospora leaf spot,fenugreek_cercospora_leaf_spot_0085.jpg,dataset\Fenugreek\Cercospora leaf spot\fenugreek_cercospora_leaf_spot_0085.jpg,307x140,unreviewed,,
fenugreek_cercospora_leaf_spot_086,Fenugreek,fenugreek_cercospora_leaf_spot,Cercospora leaf spot,fenugreek_cercospora_leaf_spot_0086.jpg,dataset\Fenugreek\Cercospora leaf spot\fenugreek_cercospora_leaf_spot_0086.jpg,175x240,unreviewed,,
fenugreek_cercospora_leaf_spot_087,Fenugreek,fenugreek_cercospora_leaf_spot,Cercospora leaf spot,fenugreek_cercospora_leaf_spot_0087.jpg,dataset\Fenugreek\Cercospora leaf spot\fenugreek_cercospora_leaf_spot_0087.jpg,152x392,unreviewed,,
fenugreek_cercospora_leaf_spot_088,Fenugreek,fenugreek_cercospora_leaf_spot,Cercospora leaf spot,fenugreek_cercospora_leaf_spot_0088.jpg,dataset\Fenugreek\Cercospora leaf spot\fenugreek_cercospora_leaf_spot_0088.jpg,421x477,unreviewed,,
fenugreek_cercospora_leaf_spot_089,Fenugreek,fenugreek_cercospora_leaf_spot,Cercospora leaf spot,fenugreek_cercospora_leaf_spot_0089.jpg,dataset\Fenugreek\Cercospora leaf spot\fenugreek_cercospora_leaf_spot_0089.jpg,261x353,unreviewed,,
fenugreek_cercospora_leaf_spot_090,Fenugreek,fenugreek_cercospora_leaf_spot,Cercospora leaf spot,fenugreek_cercospora_leaf_spot_0090.jpg,dataset\Fenugreek\Cercospora leaf spot\fenugreek_cercospora_leaf_spot_0090.jpg,397x243,unreviewed,,
fenugreek_cercospora_leaf_spot_091,Fenugreek,fenugreek_cercospora_leaf_spot,Cercospora leaf spot,fenugreek_cercospora_leaf_spot_0091.jpg,dataset\Fenugreek\Cercospora leaf spot\fenugreek_cercospora_leaf_spot_0091.jpg,372x183,unreviewed,,
fenugreek_cercospora_leaf_spot_092,Fenugreek,fenugreek_cercospora_leaf_spot,Cercospora leaf spot,fenugreek_cercospora_leaf_spot_0092.jpg,dataset\Fenugreek\Cercospora leaf spot\fenugreek_cercospora_leaf_spot_0092.jpg,302x305,unreviewed,,
fenugreek_cercospora_leaf_spot_093,Fenugreek,fenugreek_cercospora_leaf_spot,Cercospora leaf spot,fenugreek_cercospora_leaf_spot_0093.jpg,dataset\Fenugreek\Cercospora leaf spot\fenugreek_cercospora_leaf_spot_0093.jpg,233x242,unreviewed,,
fenugreek_cercospora_leaf_spot_094,Fenugreek,fenugreek_cercospora_leaf_spot,Cercospora leaf spot,fenugreek_cercospora_leaf_spot_0094.jpg,dataset\Fenugreek\Cercospora leaf spot\fenugreek_cercospora_leaf_spot_0094.jpg,280x407,unreviewed,,
fenugreek_cercospora_leaf_spot_095,Fenugreek,fenugreek_cercospora_leaf_spot,Cercospora leaf spot,fenugreek_cercospora_leaf_spot_0095.jpg,dataset\Fenugreek\Cercospora leaf spot\fenugreek_cercospora_leaf_spot_0095.jpg,277x427,unreviewed,,
fenugreek_cercospora_leaf_spot_096,Fenugreek,fenugreek_cercospora_leaf_spot,Cercospora leaf spot,fenugreek_cercospora_leaf_spot_0096.jpg,dataset\Fenugreek\Cercospora leaf spot\fenugreek_cercospora_leaf_spot_0096.jpg,268x217,unreviewed,,
fenugreek_cercospora_leaf_spot_097,Fenugreek,fenugreek_cercospora_leaf_spot,Cercospora leaf spot,fenugreek_cercospora_leaf_spot_0097.jpg,dataset\Fenugreek\Cercospora leaf spot\fenugreek_cercospora_leaf_spot_0097.jpg,260x227,unreviewed,,
fenugreek_cercospora_leaf_spot_098,Fenugreek,fenugreek_cercospora_leaf_spot,Cercospora leaf spot,fenugreek_cercospora_leaf_spot_0098.jpg,dataset\Fenugreek\Cercospora leaf spot\fenugreek_cercospora_leaf_spot_0098.jpg,273x393,unreviewed,,
fenugreek_cercospora_leaf_spot_099,Fenugreek,fenugreek_cercospora_leaf_spot,Cercospora leaf spot,fenugreek_cercospora_leaf_spot_0099.jpg,dataset\Fenugreek\Cercospora leaf spot\fenugreek_cercospora_leaf_spot_0099.jpg,116x158,unreviewed,,
fenugreek_cercospora_leaf_spot_100,Fenugreek,fenugreek_cercospora_leaf_spot,Cercospora leaf spot,fenugreek_cercospora_leaf_spot_0100.jpg,dataset\Fenugreek\Cercospora leaf spot\fenugreek_cercospora_leaf_spot_0100.jpg,227x218,unreviewed,,
fenugreek_healthy_001,Fenugreek,fenugreek_healthy,Fenugreek Healthy,fenugreek_healthy_0001.jpg,dataset\Fenugreek\Fenugreek Healthy\fenugreek_healthy_0001.jpg,667x1000,unreviewed,,
fenugreek_healthy_002,Fenugreek,fenugreek_healthy,Fenugreek Healthy,fenugreek_healthy_0002.jpg,dataset\Fenugreek\Fenugreek Healthy\fenugreek_healthy_0002.jpg,1000x558,unreviewed,,
fenugreek_healthy_003,Fenugreek,fenugreek_healthy,Fenugreek Healthy,fenugreek_healthy_0003.jpg,dataset\Fenugreek\Fenugreek Healthy\fenugreek_healthy_0003.jpg,1000x750,unreviewed,,
fenugreek_healthy_004,Fenugreek,fenugreek_healthy,Fenugreek Healthy,fenugreek_healthy_0004.jpg,dataset\Fenugreek\Fenugreek Healthy\fenugreek_healthy_0004.jpg,1000x667,unreviewed,,
fenugreek_healthy_005,Fenugreek,fenugreek_healthy,Fenugreek Healthy,fenugreek_healthy_0005.jpg,dataset\Fenugreek\Fenugreek Healthy\fenugreek_healthy_0005.jpg,1000x667,unreviewed,,
fenugreek_healthy_006,Fenugreek,fenugreek_healthy,Fenugreek Healthy,fenugreek_healthy_0006.jpg,dataset\Fenugreek\Fenugreek Healthy\fenugreek_healthy_0006.jpg,360x240,unreviewed,,
fenugreek_healthy_007,Fenugreek,fenugreek_healthy,Fenugreek Healthy,fenugreek_healthy_0007.jpg,dataset\Fenugreek\Fenugreek Healthy\fenugreek_healthy_0007.jpg,240x240,unreviewed,,
fenugreek_healthy_008,Fenugreek,fenugreek_healthy,Fenugreek Healthy,fenugreek_healthy_0008.jpg,dataset\Fenugreek\Fenugreek Healthy\fenugreek_healthy_0008.jpg,440x240,unreviewed,,
fenugreek_healthy_009,Fenugreek,fenugreek_healthy,Fenugreek Healthy,fenugreek_healthy_0009.jpg,dataset\Fenugreek\Fenugreek Healthy\fenugreek_healthy_0009.jpg,320x240,unreviewed,,
fenugreek_healthy_010,Fenugreek,fenugreek_healthy,Fenugreek Healthy,fenugreek_healthy_0010.jpg,dataset\Fenugreek\Fenugreek Healthy\fenugreek_healthy_0010.jpg,360x240,unreviewed,,
fenugreek_healthy_011,Fenugreek,fenugreek_healthy,Fenugreek Healthy,fenugreek_healthy_0011.jpg,dataset\Fenugreek\Fenugreek Healthy\fenugreek_healthy_0011.jpg,360x240,unreviewed,,
fenugreek_healthy_012,Fenugreek,fenugreek_healthy,Fenugreek Healthy,fenugreek_healthy_0012.jpg,dataset\Fenugreek\Fenugreek Healthy\fenugreek_healthy_0012.jpg,240x240,unreviewed,,
fenugreek_healthy_013,Fenugreek,fenugreek_healthy,Fenugreek Healthy,fenugreek_healthy_0013.jpg,dataset\Fenugreek\Fenugreek Healthy\fenugreek_healthy_0013.jpg,308x240,unreviewed,,
fenugreek_healthy_014,Fenugreek,fenugreek_healthy,Fenugreek Healthy,fenugreek_healthy_0014.jpg,dataset\Fenugreek\Fenugreek Healthy\fenugreek_healthy_0014.jpg,320x240,unreviewed,,
fenugreek_healthy_015,Fenugreek,fenugreek_healthy,Fenugreek Healthy,fenugreek_healthy_0015.jpg,dataset\Fenugreek\Fenugreek Healthy\fenugreek_healthy_0015.jpg,360x240,unreviewed,,
fenugreek_healthy_016,Fenugreek,fenugreek_healthy,Fenugreek Healthy,fenugreek_healthy_0016.jpg,dataset\Fenugreek\Fenugreek Healthy\fenugreek_healthy_0016.jpg,360x240,unreviewed,,
fenugreek_healthy_017,Fenugreek,fenugreek_healthy,Fenugreek Healthy,fenugreek_healthy_0017.jpg,dataset\Fenugreek\Fenugreek Healthy\fenugreek_healthy_0017.jpg,320x240,unreviewed,,
fenugreek_healthy_018,Fenugreek,fenugreek_healthy,Fenugreek Healthy,fenugreek_healthy_0018.jpg,dataset\Fenugreek\Fenugreek Healthy\fenugreek_healthy_0018.jpg,360x240,unreviewed,,
fenugreek_healthy_019,Fenugreek,fenugreek_healthy,Fenugreek Healthy,fenugreek_healthy_0019.jpg,dataset\Fenugreek\Fenugreek Healthy\fenugreek_healthy_0019.jpg,360x240,unreviewed,,
fenugreek_healthy_020,Fenugreek,fenugreek_healthy,Fenugreek Healthy,fenugreek_healthy_0020.jpg,dataset\Fenugreek\Fenugreek Healthy\fenugreek_healthy_0020.jpg,360x240,unreviewed,,
fenugreek_healthy_021,Fenugreek,fenugreek_healthy,Fenugreek Healthy,fenugreek_healthy_0021.jpg,dataset\Fenugreek\Fenugreek Healthy\fenugreek_healthy_0021.jpg,427x240,unreviewed,,
fenugreek_healthy_022,Fenugreek,fenugreek_healthy,Fenugreek Healthy,fenugreek_healthy_0022.jpg,dataset\Fenugreek\Fenugreek Healthy\fenugreek_healthy_0022.jpg,426x240,unreviewed,,
fenugreek_healthy_023,Fenugreek,fenugreek_healthy,Fenugreek Healthy,fenugreek_healthy_0023.jpg,dataset\Fenugreek\Fenugreek Healthy\fenugreek_healthy_0023.jpg,300x168,unreviewed,,
fenugreek_healthy_024,Fenugreek,fenugreek_healthy,Fenugreek Healthy,fenugreek_healthy_0024.jpg,dataset\Fenugreek\Fenugreek Healthy\fenugreek_healthy_0024.jpg,259x194,unreviewed,,
fenugreek_healthy_025,Fenugreek,fenugreek_healthy,Fenugreek Healthy,fenugreek_healthy_0025.jpg,dataset\Fenugreek\Fenugreek Healthy\fenugreek_healthy_0025.jpg,275x183,unreviewed,,
fenugreek_healthy_026,Fenugreek,fenugreek_healthy,Fenugreek Healthy,fenugreek_healthy_0026.jpg,dataset\Fenugreek\Fenugreek Healthy\fenugreek_healthy_0026.jpg,225x225,unreviewed,,
fenugreek_healthy_027,Fenugreek,fenugreek_healthy,Fenugreek Healthy,fenugreek_healthy_0027.jpg,dataset\Fenugreek\Fenugreek Healthy\fenugreek_healthy_0027.jpg,225x225,unreviewed,,
fenugreek_healthy_028,Fenugreek,fenugreek_healthy,Fenugreek Healthy,fenugreek_healthy_0028.jpg,dataset\Fenugreek\Fenugreek Healthy\fenugreek_healthy_0028.jpg,183x275,unreviewed,,
fenugreek_healthy_029,Fenugreek,fenugreek_healthy,Fenugreek Healthy,fenugreek_healthy_0029.jpg,dataset\Fenugreek\Fenugreek Healthy\fenugreek_healthy_0029.jpg,275x183,unreviewed,,
fenugreek_healthy_030,Fenugreek,fenugreek_healthy,Fenugreek Healthy,fenugreek_healthy_0030.jpg,dataset\Fenugreek\Fenugreek Healthy\fenugreek_healthy_0030.jpg,1600x1067,unreviewed,,
fenugreek_healthy_031,Fenugreek,fenugreek_healthy,Fenugreek Healthy,fenugreek_healthy_0031.jpg,dataset\Fenugreek\Fenugreek Healthy\fenugreek_healthy_0031.jpg,619x396,unreviewed,,
fenugreek_healthy_032,Fenugreek,fenugreek_healthy,Fenugreek Healthy,fenugreek_healthy_0032.jpg,dataset\Fenugreek\Fenugreek Healthy\fenugreek_healthy_0032.jpg,192x192,unreviewed,,
fenugreek_healthy_033,Fenugreek,fenugreek_healthy,Fenugreek Healthy,fenugreek_healthy_0033.jpg,dataset\Fenugreek\Fenugreek Healthy\fenugreek_healthy_0033.jpg,192x128,unreviewed,,
fenugreek_healthy_034,Fenugreek,fenugreek_healthy,Fenugreek Healthy,fenugreek_healthy_0034.jpg,dataset\Fenugreek\Fenugreek Healthy\fenugreek_healthy_0034.jpg,192x128,unreviewed,,
fenugreek_healthy_035,Fenugreek,fenugreek_healthy,Fenugreek Healthy,fenugreek_healthy_0035.jpg,dataset\Fenugreek\Fenugreek Healthy\fenugreek_healthy_0035.jpg,192x144,unreviewed,,
fenugreek_healthy_036,Fenugreek,fenugreek_healthy,Fenugreek Healthy,fenugreek_healthy_0036.jpg,dataset\Fenugreek\Fenugreek Healthy\fenugreek_healthy_0036.jpg,192x144,unreviewed,,
fenugreek_healthy_037,Fenugreek,fenugreek_healthy,Fenugreek Healthy,fenugreek_healthy_0037.jpg,dataset\Fenugreek\Fenugreek Healthy\fenugreek_healthy_0037.jpg,192x144,unreviewed,,
fenugreek_healthy_038,Fenugreek,fenugreek_healthy,Fenugreek Healthy,fenugreek_healthy_0038.jpg,dataset\Fenugreek\Fenugreek Healthy\fenugreek_healthy_0038.jpg,192x123,unreviewed,,
fenugreek_healthy_039,Fenugreek,fenugreek_healthy,Fenugreek Healthy,fenugreek_healthy_0039.jpg,dataset\Fenugreek\Fenugreek Healthy\fenugreek_healthy_0039.jpg,192x123,unreviewed,,
fenugreek_healthy_040,Fenugreek,fenugreek_healthy,Fenugreek Healthy,fenugreek_healthy_0040.jpg,dataset\Fenugreek\Fenugreek Healthy\fenugreek_healthy_0040.jpg,192x256,unreviewed,,
fenugreek_healthy_041,Fenugreek,fenugreek_healthy,Fenugreek Healthy,fenugreek_healthy_0041.jpg,dataset\Fenugreek\Fenugreek Healthy\fenugreek_healthy_0041.jpg,192x104,unreviewed,,
fenugreek_healthy_042,Fenugreek,fenugreek_healthy,Fenugreek Healthy,fenugreek_healthy_0042.jpg,dataset\Fenugreek\Fenugreek Healthy\fenugreek_healthy_0042.jpg,192x192,unreviewed,,
fenugreek_healthy_043,Fenugreek,fenugreek_healthy,Fenugreek Healthy,fenugreek_healthy_0043.jpg,dataset\Fenugreek\Fenugreek Healthy\fenugreek_healthy_0043.jpg,192x192,unreviewed,,
fenugreek_healthy_044,Fenugreek,fenugreek_healthy,Fenugreek Healthy,fenugreek_healthy_0044.jpg,dataset\Fenugreek\Fenugreek Healthy\fenugreek_healthy_0044.jpg,183x275,unreviewed,,
fenugreek_healthy_045,Fenugreek,fenugreek_healthy,Fenugreek Healthy,fenugreek_healthy_0045.jpg,dataset\Fenugreek\Fenugreek Healthy\fenugreek_healthy_0045.jpg,183x275,unreviewed,,
fenugreek_healthy_046,Fenugreek,fenugreek_healthy,Fenugreek Healthy,fenugreek_healthy_0046.jpg,dataset\Fenugreek\Fenugreek Healthy\fenugreek_healthy_0046.jpg,183x275,unreviewed,,
fenugreek_healthy_047,Fenugreek,fenugreek_healthy,Fenugreek Healthy,fenugreek_healthy_0047.jpg,dataset\Fenugreek\Fenugreek Healthy\fenugreek_healthy_0047.jpg,183x275,unreviewed,,
fenugreek_healthy_048,Fenugreek,fenugreek_healthy,Fenugreek Healthy,fenugreek_healthy_0048.jpg,dataset\Fenugreek\Fenugreek Healthy\fenugreek_healthy_0048.jpg,262x192,unreviewed,,
fenugreek_healthy_049,Fenugreek,fenugreek_healthy,Fenugreek Healthy,fenugreek_healthy_0049.jpg,dataset\Fenugreek\Fenugreek Healthy\fenugreek_healthy_0049.jpg,262x192,unreviewed,,
fenugreek_healthy_050,Fenugreek,fenugreek_healthy,Fenugreek Healthy,fenugreek_healthy_0050.jpg,dataset\Fenugreek\Fenugreek Healthy\fenugreek_healthy_0050.jpg,192x108,unreviewed,,
fenugreek_healthy_051,Fenugreek,fenugreek_healthy,Fenugreek Healthy,fenugreek_healthy_0051.jpg,dataset\Fenugreek\Fenugreek Healthy\fenugreek_healthy_0051.jpg,192x256,unreviewed,,
fenugreek_healthy_052,Fenugreek,fenugreek_healthy,Fenugreek Healthy,fenugreek_healthy_0052.jpg,dataset\Fenugreek\Fenugreek Healthy\fenugreek_healthy_0052.jpg,192x256,unreviewed,,
fenugreek_healthy_053,Fenugreek,fenugreek_healthy,Fenugreek Healthy,fenugreek_healthy_0053.jpg,dataset\Fenugreek\Fenugreek Healthy\fenugreek_healthy_0053.jpg,192x128,unreviewed,,
fenugreek_healthy_054,Fenugreek,fenugreek_healthy,Fenugreek Healthy,fenugreek_healthy_0054.jpg,dataset\Fenugreek\Fenugreek Healthy\fenugreek_healthy_0054.jpg,192x128,unreviewed,,
fenugreek_healthy_055,Fenugreek,fenugreek_healthy,Fenugreek Healthy,fenugreek_healthy_0055.jpg,dataset\Fenugreek\Fenugreek Healthy\fenugreek_healthy_0055.jpg,192x128,unreviewed,,
fenugreek_healthy_056,Fenugreek,fenugreek_healthy,Fenugreek Healthy,fenugreek_healthy_0056.jpg,dataset\Fenugreek\Fenugreek Healthy\fenugreek_healthy_0056.jpg,192x128,unreviewed,,
fenugreek_healthy_057,Fenugreek,fenugreek_healthy,Fenugreek Healthy,fenugreek_healthy_0057.jpg,dataset\Fenugreek\Fenugreek Healthy\fenugreek_healthy_0057.jpg,192x137,unreviewed,,
fenugreek_healthy_058,Fenugreek,fenugreek_healthy,Fenugreek Healthy,fenugreek_healthy_0058.jpg,dataset\Fenugreek\Fenugreek Healthy\fenugreek_healthy_0058.jpg,192x137,unreviewed,,
fenugreek_healthy_059,Fenugreek,fenugreek_healthy,Fenugreek Healthy,fenugreek_healthy_0059.jpg,dataset\Fenugreek\Fenugreek Healthy\fenugreek_healthy_0059.jpg,192x144,unreviewed,,
fenugreek_healthy_060,Fenugreek,fenugreek_healthy,Fenugreek Healthy,fenugreek_healthy_0060.jpg,dataset\Fenugreek\Fenugreek Healthy\fenugreek_healthy_0060.jpg,192x144,unreviewed,,
fenugreek_healthy_061,Fenugreek,fenugreek_healthy,Fenugreek Healthy,fenugreek_healthy_0061.jpg,dataset\Fenugreek\Fenugreek Healthy\fenugreek_healthy_0061.jpg,192x200,unreviewed,,
fenugreek_healthy_062,Fenugreek,fenugreek_healthy,Fenugreek Healthy,fenugreek_healthy_0062.jpg,dataset\Fenugreek\Fenugreek Healthy\fenugreek_healthy_0062.jpg,192x200,unreviewed,,
fenugreek_healthy_063,Fenugreek,fenugreek_healthy,Fenugreek Healthy,fenugreek_healthy_0063.jpg,dataset\Fenugreek\Fenugreek Healthy\fenugreek_healthy_0063.jpg,239x210,unreviewed,,
fenugreek_healthy_064,Fenugreek,fenugreek_healthy,Fenugreek Healthy,fenugreek_healthy_0064.jpg,dataset\Fenugreek\Fenugreek Healthy\fenugreek_healthy_0064.jpg,192x203,unreviewed,,
fenugreek_healthy_065,Fenugreek,fenugreek_healthy,Fenugreek Healthy,fenugreek_healthy_0065.jpg,dataset\Fenugreek\Fenugreek Healthy\fenugreek_healthy_0065.jpg,192x203,unreviewed,,
fenugreek_healthy_066,Fenugreek,fenugreek_healthy,Fenugreek Healthy,fenugreek_healthy_0066.jpg,dataset\Fenugreek\Fenugreek Healthy\fenugreek_healthy_0066.jpg,612x458,unreviewed,,
fenugreek_healthy_067,Fenugreek,fenugreek_healthy,Fenugreek Healthy,fenugreek_healthy_0067.jpg,dataset\Fenugreek\Fenugreek Healthy\fenugreek_healthy_0067.jpg,612x442,unreviewed,,
fenugreek_healthy_068,Fenugreek,fenugreek_healthy,Fenugreek Healthy,fenugreek_healthy_0068.jpg,dataset\Fenugreek\Fenugreek Healthy\fenugreek_healthy_0068.jpg,612x424,unreviewed,,
fenugreek_healthy_069,Fenugreek,fenugreek_healthy,Fenugreek Healthy,fenugreek_healthy_0069.jpg,dataset\Fenugreek\Fenugreek Healthy\fenugreek_healthy_0069.jpg,612x408,unreviewed,,
fenugreek_healthy_070,Fenugreek,fenugreek_healthy,Fenugreek Healthy,fenugreek_healthy_0070.jpg,dataset\Fenugreek\Fenugreek Healthy\fenugreek_healthy_0070.jpg,612x408,unreviewed,,
fenugreek_healthy_071,Fenugreek,fenugreek_healthy,Fenugreek Healthy,fenugreek_healthy_0071.jpg,dataset\Fenugreek\Fenugreek Healthy\fenugreek_healthy_0071.jpg,612x408,unreviewed,,
fenugreek_healthy_072,Fenugreek,fenugreek_healthy,Fenugreek Healthy,fenugreek_healthy_0072.jpg,dataset\Fenugreek\Fenugreek Healthy\fenugreek_healthy_0072.jpg,612x408,unreviewed,,
fenugreek_healthy_073,Fenugreek,fenugreek_healthy,Fenugreek Healthy,fenugreek_healthy_0073.jpg,dataset\Fenugreek\Fenugreek Healthy\fenugreek_healthy_0073.jpg,612x405,unreviewed,,
fenugreek_healthy_074,Fenugreek,fenugreek_healthy,Fenugreek Healthy,fenugreek_healthy_0074.jpg,dataset\Fenugreek\Fenugreek Healthy\fenugreek_healthy_0074.jpg,612x405,unreviewed,,
fenugreek_healthy_075,Fenugreek,fenugreek_healthy,Fenugreek Healthy,fenugreek_healthy_0075.jpg,dataset\Fenugreek\Fenugreek Healthy\fenugreek_healthy_0075.jpg,612x405,unreviewed,,
fenugreek_healthy_076,Fenugreek,fenugreek_healthy,Fenugreek Healthy,fenugreek_healthy_0076.jpg,dataset\Fenugreek\Fenugreek Healthy\fenugreek_healthy_0076.jpg,612x405,unreviewed,,
fenugreek_healthy_077,Fenugreek,fenugreek_healthy,Fenugreek Healthy,fenugreek_healthy_0077.jpg,dataset\Fenugreek\Fenugreek Healthy\fenugreek_healthy_0077.jpg,612x411,unreviewed,,
fenugreek_healthy_078,Fenugreek,fenugreek_healthy,Fenugreek Healthy,fenugreek_healthy_0078.jpg,dataset\Fenugreek\Fenugreek Healthy\fenugreek_healthy_0078.jpg,612x405,unreviewed,,
fenugreek_healthy_079,Fenugreek,fenugreek_healthy,Fenugreek Healthy,fenugreek_healthy_0079.jpg,dataset\Fenugreek\Fenugreek Healthy\fenugreek_healthy_0079.jpg,612x408,unreviewed,,
fenugreek_healthy_080,Fenugreek,fenugreek_healthy,Fenugreek Healthy,fenugreek_healthy_0080.jpg,dataset\Fenugreek\Fenugreek Healthy\fenugreek_healthy_0080.jpg,612x408,unreviewed,,
fenugreek_healthy_081,Fenugreek,fenugreek_healthy,Fenugreek Healthy,fenugreek_healthy_0081.jpg,dataset\Fenugreek\Fenugreek Healthy\fenugreek_healthy_0081.jpg,612x408,unreviewed,,
fenugreek_healthy_082,Fenugreek,fenugreek_healthy,Fenugreek Healthy,fenugreek_healthy_0082.jpg,dataset\Fenugreek\Fenugreek Healthy\fenugreek_healthy_0082.jpg,612x408,unreviewed,,
fenugreek_healthy_083,Fenugreek,fenugreek_healthy,Fenugreek Healthy,fenugreek_healthy_0083.jpg,dataset\Fenugreek\Fenugreek Healthy\fenugreek_healthy_0083.jpg,612x408,unreviewed,,
fenugreek_healthy_084,Fenugreek,fenugreek_healthy,Fenugreek Healthy,fenugreek_healthy_0084.jpg,dataset\Fenugreek\Fenugreek Healthy\fenugreek_healthy_0084.jpg,512x341,unreviewed,,
fenugreek_healthy_085,Fenugreek,fenugreek_healthy,Fenugreek Healthy,fenugreek_healthy_0085.jpg,dataset\Fenugreek\Fenugreek Healthy\fenugreek_healthy_0085.jpg,619x396,unreviewed,,
fenugreek_healthy_086,Fenugreek,fenugreek_healthy,Fenugreek Healthy,fenugreek_healthy_0086.jpg,dataset\Fenugreek\Fenugreek Healthy\fenugreek_healthy_0086.jpg,512x341,unreviewed,,
fenugreek_healthy_087,Fenugreek,fenugreek_healthy,Fenugreek Healthy,fenugreek_healthy_0087.jpg,dataset\Fenugreek\Fenugreek Healthy\fenugreek_healthy_0087.jpg,1200x800,unreviewed,,
fenugreek_healthy_088,Fenugreek,fenugreek_healthy,Fenugreek Healthy,fenugreek_healthy_0088.jpg,dataset\Fenugreek\Fenugreek Healthy\fenugreek_healthy_0088.jpg,289x275,unreviewed,,
fenugreek_healthy_089,Fenugreek,fenugreek_healthy,Fenugreek Healthy,fenugreek_healthy_0089.jpg,dataset\Fenugreek\Fenugreek Healthy\fenugreek_healthy_0089.jpg,324x261,unreviewed,,
fenugreek_healthy_090,Fenugreek,fenugreek_healthy,Fenugreek Healthy,fenugreek_healthy_0090.jpg,dataset\Fenugreek\Fenugreek Healthy\fenugreek_healthy_0090.jpg,364x270,unreviewed,,
fenugreek_healthy_091,Fenugreek,fenugreek_healthy,Fenugreek Healthy,fenugreek_healthy_0091.jpg,dataset\Fenugreek\Fenugreek Healthy\fenugreek_healthy_0091.jpg,550x479,unreviewed,,
fenugreek_healthy_092,Fenugreek,fenugreek_healthy,Fenugreek Healthy,fenugreek_healthy_0092.jpg,dataset\Fenugreek\Fenugreek Healthy\fenugreek_healthy_0092.jpg,156x253,unreviewed,,
fenugreek_healthy_093,Fenugreek,fenugreek_healthy,Fenugreek Healthy,fenugreek_healthy_0093.jpg,dataset\Fenugreek\Fenugreek Healthy\fenugreek_healthy_0093.jpg,155x332,unreviewed,,
fenugreek_healthy_094,Fenugreek,fenugreek_healthy,Fenugreek Healthy,fenugreek_healthy_0094.jpg,dataset\Fenugreek\Fenugreek Healthy\fenugreek_healthy_0094.jpg,326x250,unreviewed,,
fenugreek_healthy_095,Fenugreek,fenugreek_healthy,Fenugreek Healthy,fenugreek_healthy_0095.jpg,dataset\Fenugreek\Fenugreek Healthy\fenugreek_healthy_0095.jpg,398x314,unreviewed,,
fenugreek_healthy_096,Fenugreek,fenugreek_healthy,Fenugreek Healthy,fenugreek_healthy_0096.jpg,dataset\Fenugreek\Fenugreek Healthy\fenugreek_healthy_0096.jpg,555x277,unreviewed,,
fenugreek_healthy_097,Fenugreek,fenugreek_healthy,Fenugreek Healthy,fenugreek_healthy_0097.jpg,dataset\Fenugreek\Fenugreek Healthy\fenugreek_healthy_0097.jpg,406x281,unreviewed,,
fenugreek_healthy_098,Fenugreek,fenugreek_healthy,Fenugreek Healthy,fenugreek_healthy_0098.jpg,dataset\Fenugreek\Fenugreek Healthy\fenugreek_healthy_0098.jpg,453x252,unreviewed,,
fenugreek_healthy_099,Fenugreek,fenugreek_healthy,Fenugreek Healthy,fenugreek_healthy_0099.jpg,dataset\Fenugreek\Fenugreek Healthy\fenugreek_healthy_0099.jpg,362x252,unreviewed,,
fenugreek_healthy_100,Fenugreek,fenugreek_healthy,Fenugreek Healthy,fenugreek_healthy_0100.jpg,dataset\Fenugreek\Fenugreek Healthy\fenugreek_healthy_0100.jpg,342x325,unreviewed,,
